------------------------------------- Surpermarket ------------------------------------------

INSERT INTO supermarket(tin_supermarket,name,address) VALUES(699079553,'Intermarche','Urb. Quinta do Segolim lote EA-01 Famoes');
INSERT INTO supermarket(tin_supermarket,name,address) VALUES(858336533,'Jumbo','Estrada de Paço de Arcos, n.48-A');
INSERT INTO supermarket(tin_supermarket,name,address) VALUES(222587995,'Continente','Rua D. Filipa de Vilhena n.2');
INSERT INTO supermarket(tin_supermarket,name,address) VALUES(439509559,'Pingo Doce','Rua Actor Antonio Silva n.7');
INSERT INTO supermarket(tin_supermarket,name,address) VALUES(584606763,'Lidl','Rua Pe de Mouro n.18');


------------------------------------- Corridor----------------------------------------------

INSERT INTO corridor(tin_supermarket,number_corridor,Length) VALUES(222587995,1,11.68);
INSERT INTO corridor(tin_supermarket,number_corridor,Length) VALUES(222587995,2,18.78);
INSERT INTO corridor(tin_supermarket,number_corridor,Length) VALUES(222587995,3,8.44);
INSERT INTO corridor(tin_supermarket,number_corridor,Length) VALUES(222587995,4,16.27);
INSERT INTO corridor(tin_supermarket,number_corridor,Length) VALUES(222587995,5,5.33);
INSERT INTO corridor(tin_supermarket,number_corridor,Length) VALUES(222587995,6,11.19);
INSERT INTO corridor(tin_supermarket,number_corridor,Length) VALUES(439509559,1,18.58);
INSERT INTO corridor(tin_supermarket,number_corridor,Length) VALUES(439509559,2,20.61);
INSERT INTO corridor(tin_supermarket,number_corridor,Length) VALUES(439509559,3,24.27);
INSERT INTO corridor(tin_supermarket,number_corridor,Length) VALUES(439509559,4,15.33);
INSERT INTO corridor(tin_supermarket,number_corridor,Length) VALUES(439509559,5,15.31);
INSERT INTO corridor(tin_supermarket,number_corridor,Length) VALUES(584606763,1,10.12);
INSERT INTO corridor(tin_supermarket,number_corridor,Length) VALUES(584606763,2,20.97);
INSERT INTO corridor(tin_supermarket,number_corridor,Length) VALUES(584606763,3,21.68);
INSERT INTO corridor(tin_supermarket,number_corridor,Length) VALUES(584606763,4,9.62);
INSERT INTO corridor(tin_supermarket,number_corridor,Length) VALUES(699079553,1,24.49);
INSERT INTO corridor(tin_supermarket,number_corridor,Length) VALUES(699079553,2,14.55);
INSERT INTO corridor(tin_supermarket,number_corridor,Length) VALUES(699079553,3,23.41);
INSERT INTO corridor(tin_supermarket,number_corridor,Length) VALUES(858336533,1,21.05);
INSERT INTO corridor(tin_supermarket,number_corridor,Length) VALUES(858336533,2,8.1);
INSERT INTO corridor(tin_supermarket,number_corridor,Length) VALUES(858336533,3,22.69);
INSERT INTO corridor(tin_supermarket,number_corridor,Length) VALUES(858336533,4,13.5);
INSERT INTO corridor(tin_supermarket,number_corridor,Length) VALUES(858336533,5,5.2);
INSERT INTO corridor(tin_supermarket,number_corridor,Length) VALUES(858336533,6,5.45);


------------------------------------------------ Suppliers -----------------------------------------

INSERT INTO supplier(tin_supplier,name_supplier) VALUES(452327072,'Nuno Quelhas Lda');
INSERT INTO supplier(tin_supplier,name_supplier) VALUES(176466418,'Nutrializ');
INSERT INTO supplier(tin_supplier,name_supplier) VALUES(429815137,'Seara');
INSERT INTO supplier(tin_supplier,name_supplier) VALUES(285582946,'Carnalentejana');
INSERT INTO supplier(tin_supplier,name_supplier) VALUES(893514979,'Carne Valinho');
INSERT INTO supplier(tin_supplier,name_supplier) VALUES(373981013,'Lima com Pimenta');
INSERT INTO supplier(tin_supplier,name_supplier) VALUES(712903054,'El Grupo Sca');
INSERT INTO supplier(tin_supplier,name_supplier) VALUES(729569179,'Hortaiberica');
INSERT INTO supplier(tin_supplier,name_supplier) VALUES(430283141,'Gesfrescos');
INSERT INTO supplier(tin_supplier,name_supplier) VALUES(613489542,'Frusantos');
INSERT INTO supplier(tin_supplier,name_supplier) VALUES(335312786,'Norte Foods Portugal');
INSERT INTO supplier(tin_supplier,name_supplier) VALUES(855695833,'Goldies');
INSERT INTO supplier(tin_supplier,name_supplier) VALUES(948718012,'Panike');
INSERT INTO supplier(tin_supplier,name_supplier) VALUES(202900753,'CastelMar');
INSERT INTO supplier(tin_supplier,name_supplier) VALUES(434725465,'Senna');
INSERT INTO supplier(tin_supplier,name_supplier) VALUES(669526283,'Despomar');
INSERT INTO supplier(tin_supplier,name_supplier) VALUES(763188543,'Profisport');
INSERT INTO supplier(tin_supplier,name_supplier) VALUES(506951139,'Super Bock');
INSERT INTO supplier(tin_supplier,name_supplier) VALUES(865593672,'Central de Cervejas');
INSERT INTO supplier(tin_supplier,name_supplier) VALUES(296129158,'Torrie');
INSERT INTO supplier(tin_supplier,name_supplier) VALUES(999152869,'Adega Mae');
INSERT INTO supplier(tin_supplier,name_supplier) VALUES(964577551,'Quinta da Laboeira');
INSERT INTO supplier(tin_supplier,name_supplier) VALUES(584454968,'Q2WholeSale');
INSERT INTO supplier(tin_supplier,name_supplier) VALUES(524152036,'In Style Fashion');
INSERT INTO supplier(tin_supplier,name_supplier) VALUES(216301733,'Finouro');
INSERT INTO supplier(tin_supplier,name_supplier) VALUES(520010849,'Albanos');
INSERT INTO supplier(tin_supplier,name_supplier) VALUES(480172325,'Ramirez');
INSERT INTO supplier(tin_supplier,name_supplier) VALUES(452760212,'Compal');
INSERT INTO supplier(tin_supplier,name_supplier) VALUES(648861982,'Ferbar');
INSERT INTO supplier(tin_supplier,name_supplier) VALUES(264199848,'Matutano');
INSERT INTO supplier(tin_supplier,name_supplier) VALUES(587408000,'Kellog');
INSERT INTO supplier(tin_supplier,name_supplier) VALUES(345192460,'Alesto');
INSERT INTO supplier(tin_supplier,name_supplier) VALUES(345192461,'Popz');
INSERT INTO supplier(tin_supplier,name_supplier) VALUES(333022860,'Cuetara');
INSERT INTO supplier(tin_supplier,name_supplier) VALUES(446223691,'Globo');
INSERT INTO supplier(tin_supplier,name_supplier) VALUES(163089056,'Artiach');
INSERT INTO supplier(tin_supplier,name_supplier) VALUES(186213081,'Dancake');
INSERT INTO supplier(tin_supplier,name_supplier) VALUES(137664303,'Cerealis');
INSERT INTO supplier(tin_supplier,name_supplier) VALUES(911773089,'FANTASTYC');
INSERT INTO supplier(tin_supplier,name_supplier) VALUES(762999480,'Topgel');
INSERT INTO supplier(tin_supplier,name_supplier) VALUES(917353185,'Friopastel');
INSERT INTO supplier(tin_supplier,name_supplier) VALUES(893254452,'Dr. Oekter');
INSERT INTO supplier(tin_supplier,name_supplier) VALUES(488572724,'Sadia');
INSERT INTO supplier(tin_supplier,name_supplier) VALUES(102131044,'Eurofrozen');
INSERT INTO supplier(tin_supplier,name_supplier) VALUES(126458707,'Vitor Carapinha');
INSERT INTO supplier(tin_supplier,name_supplier) VALUES(521527581,'Finisterra');
INSERT INTO supplier(tin_supplier,name_supplier) VALUES(573383508,'Aquamar');
INSERT INTO supplier(tin_supplier,name_supplier) VALUES(783297376,'Bastomar');
INSERT INTO supplier(tin_supplier,name_supplier) VALUES(514927202,'Mar Peixe');
INSERT INTO supplier(tin_supplier,name_supplier) VALUES(606590422,'Riberalves');
INSERT INTO supplier(tin_supplier,name_supplier) VALUES(751316097,'Ola');
INSERT INTO supplier(tin_supplier,name_supplier) VALUES(213887795,'Gelcon');
INSERT INTO supplier(tin_supplier,name_supplier) VALUES(483712005,'Cigala');


-------------------------------------- Primary Supplier --------------------------------

INSERT INTO primary_supplier(tin_supplier,name_supplier) VALUES(102131044,'Eurofrozen');
INSERT INTO primary_supplier(tin_supplier,name_supplier) VALUES(126458707,'Vitor Carapinha');
INSERT INTO primary_supplier(tin_supplier,name_supplier) VALUES(137664303,'Cerealis');
INSERT INTO primary_supplier(tin_supplier,name_supplier) VALUES(163089056,'Artiach');
INSERT INTO primary_supplier(tin_supplier,name_supplier) VALUES(176466418,'Nutrializ');
INSERT INTO primary_supplier(tin_supplier,name_supplier) VALUES(186213081,'Dancake');
INSERT INTO primary_supplier(tin_supplier,name_supplier) VALUES(202900753,'CastelMar');
INSERT INTO primary_supplier(tin_supplier,name_supplier) VALUES(213887795,'Gelcon');
INSERT INTO primary_supplier(tin_supplier,name_supplier) VALUES(216301733,'Finouro');
INSERT INTO primary_supplier(tin_supplier,name_supplier) VALUES(264199848,'Matutano');
INSERT INTO primary_supplier(tin_supplier,name_supplier) VALUES(285582946,'Carnalentejana');
INSERT INTO primary_supplier(tin_supplier,name_supplier) VALUES(296129158,'Torrie');
INSERT INTO primary_supplier(tin_supplier,name_supplier) VALUES(333022860,'Cuetara');
INSERT INTO primary_supplier(tin_supplier,name_supplier) VALUES(335312786,'Norte Foods Portugal');
INSERT INTO primary_supplier(tin_supplier,name_supplier) VALUES(345192460,'Alesto');
INSERT INTO primary_supplier(tin_supplier,name_supplier) VALUES(345192461,'Popz');
INSERT INTO primary_supplier(tin_supplier,name_supplier) VALUES(373981013,'Lima com Pimenta');
INSERT INTO primary_supplier(tin_supplier,name_supplier) VALUES(429815137,'Seara');
INSERT INTO primary_supplier(tin_supplier,name_supplier) VALUES(430283141,'Gesfrescos');
INSERT INTO primary_supplier(tin_supplier,name_supplier) VALUES(434725465,'Senna');
INSERT INTO primary_supplier(tin_supplier,name_supplier) VALUES(446223691,'Globo');
INSERT INTO primary_supplier(tin_supplier,name_supplier) VALUES(452327072,'Nuno Quelhas Lda');
INSERT INTO primary_supplier(tin_supplier,name_supplier) VALUES(452760212,'Compal');
INSERT INTO primary_supplier(tin_supplier,name_supplier) VALUES(480172325,'Ramirez');
INSERT INTO primary_supplier(tin_supplier,name_supplier) VALUES(483712005,'Cigala');
INSERT INTO primary_supplier(tin_supplier,name_supplier) VALUES(488572724,'Sadia');
INSERT INTO primary_supplier(tin_supplier,name_supplier) VALUES(506951139,'Super Bock');
INSERT INTO primary_supplier(tin_supplier,name_supplier) VALUES(514927202,'Mar Peixe');
INSERT INTO primary_supplier(tin_supplier,name_supplier) VALUES(520010849,'Albanos');
INSERT INTO primary_supplier(tin_supplier,name_supplier) VALUES(521527581,'Finisterra');
INSERT INTO primary_supplier(tin_supplier,name_supplier) VALUES(524152036,'In Style Fashion');
INSERT INTO primary_supplier(tin_supplier,name_supplier) VALUES(573383508,'Aquamar');
INSERT INTO primary_supplier(tin_supplier,name_supplier) VALUES(584454968,'Q2WholeSale');
INSERT INTO primary_supplier(tin_supplier,name_supplier) VALUES(587408000,'Kellog');
INSERT INTO primary_supplier(tin_supplier,name_supplier) VALUES(606590422,'Riberalves');
INSERT INTO primary_supplier(tin_supplier,name_supplier) VALUES(613489542,'Frusantos');
INSERT INTO primary_supplier(tin_supplier,name_supplier) VALUES(648861982,'Ferbar');
INSERT INTO primary_supplier(tin_supplier,name_supplier) VALUES(669526283,'Despomar');
INSERT INTO primary_supplier(tin_supplier,name_supplier) VALUES(712903054,'El Grupo Sca');
INSERT INTO primary_supplier(tin_supplier,name_supplier) VALUES(729569179,'Hortaiberica');
INSERT INTO primary_supplier(tin_supplier,name_supplier) VALUES(751316097,'Ola');
INSERT INTO primary_supplier(tin_supplier,name_supplier) VALUES(762999480,'Topgel');
INSERT INTO primary_supplier(tin_supplier,name_supplier) VALUES(763188543,'Profisport');
INSERT INTO primary_supplier(tin_supplier,name_supplier) VALUES(783297376,'Bastomar');
INSERT INTO primary_supplier(tin_supplier,name_supplier) VALUES(855695833,'Goldies');
INSERT INTO primary_supplier(tin_supplier,name_supplier) VALUES(865593672,'Central de Cervejas');
INSERT INTO primary_supplier(tin_supplier,name_supplier) VALUES(893254452,'Dr. Oekter');
INSERT INTO primary_supplier(tin_supplier,name_supplier) VALUES(893514979,'Carne Valinho');
INSERT INTO primary_supplier(tin_supplier,name_supplier) VALUES(911773089,'FANTASTYC');
INSERT INTO primary_supplier(tin_supplier,name_supplier) VALUES(917353185,'Friopastel');
INSERT INTO primary_supplier(tin_supplier,name_supplier) VALUES(948718012,'Panike');
INSERT INTO primary_supplier(tin_supplier,name_supplier) VALUES(964577551,'Quinta da Laboeira');
INSERT INTO primary_supplier(tin_supplier,name_supplier) VALUES(999152869,'Adega Mae');


-------------------------------------- Product -----------------------------------------

INSERT INTO product(ean,designation,tin_supplier,date_since) VALUES(1167917673881,'Heineken',865593672,'2017-12-10');
INSERT INTO product(ean,designation,tin_supplier,date_since) VALUES(8032029464261,'Agua Luso',865593672,'2019-03-11');
INSERT INTO product(ean,designation,tin_supplier,date_since) VALUES(2657891059022,'Sagres',865593672,'2017-12-20');
INSERT INTO product(ean,designation,tin_supplier,date_since) VALUES(7516439211956,'SuperBock',506951139,'2018-10-28');
INSERT INTO product(ean,designation,tin_supplier,date_since) VALUES(2171633528594,'Golden Whistle',669526283,'2017-04-20');
INSERT INTO product(ean,designation,tin_supplier,date_since) VALUES(8304871945419,'Pepsi',264199848,'2019-11-24');
INSERT INTO product(ean,designation,tin_supplier,date_since) VALUES(6779330254997,'Ruffles',264199848,'2019-10-13');
INSERT INTO product(ean,designation,tin_supplier,date_since) VALUES(5351038958529,'7-Up',264199848,'2017-09-28');
INSERT INTO product(ean,designation,tin_supplier,date_since) VALUES(8331820323633,'Lays',264199848,'2019-06-05');
INSERT INTO product(ean,designation,tin_supplier,date_since) VALUES(6599950190663,'Pipocas Doces Popz!',345192461,'2017-11-28');
INSERT INTO product(ean,designation,tin_supplier,date_since) VALUES(2905304741768,'Pipocas Salgadas Popz!',345192461,'2017-09-25');
INSERT INTO product(ean,designation,tin_supplier,date_since) VALUES(5423524870098,'Picanha',452327072,'2018-09-07');
INSERT INTO product(ean,designation,tin_supplier,date_since) VALUES(2801988318568,'Maminha',285582946,'2018-10-02');
INSERT INTO product(ean,designation,tin_supplier,date_since) VALUES(1063571155746,'Bife de Peru',452327072,'2019-03-19');
INSERT INTO product(ean,designation,tin_supplier,date_since) VALUES(3748951277680,'Bife de Frango',285582946,'2017-06-30');
INSERT INTO product(ean,designation,tin_supplier,date_since) VALUES(7170411688691,'Linguiça',452327072,'2019-11-17');
INSERT INTO product(ean,designation,tin_supplier,date_since) VALUES(9296251265169,'Borrego',285582946,'2018-09-22');
INSERT INTO product(ean,designation,tin_supplier,date_since) VALUES(4102573176025,'Frango',176466418,'2018-08-12');
INSERT INTO product(ean,designation,tin_supplier,date_since) VALUES(1732105133668,'Lingua de Vaca',893514979,'2019-04-12');
INSERT INTO product(ean,designation,tin_supplier,date_since) VALUES(4792518572144,'Miudos',893514979,'2019-01-04');
INSERT INTO product(ean,designation,tin_supplier,date_since) VALUES(4077376845819,'Pes de Galinha',429815137,'2018-10-02');
INSERT INTO product(ean,designation,tin_supplier,date_since) VALUES(1897462287188,'Limao',373981013,'2017-08-18');
INSERT INTO product(ean,designation,tin_supplier,date_since) VALUES(3766679083978,'Lima',373981013,'2018-08-09');
INSERT INTO product(ean,designation,tin_supplier,date_since) VALUES(8304616409516,'Melancia',373981013,'2017-12-20');
INSERT INTO product(ean,designation,tin_supplier,date_since) VALUES(1029859355932,'Laranja',373981013,'2017-12-28');
INSERT INTO product(ean,designation,tin_supplier,date_since) VALUES(6290051946490,'Cerejas',613489542,'2018-10-12');
INSERT INTO product(ean,designation,tin_supplier,date_since) VALUES(8370506404675,'Morango',712903054,'2019-09-28');
INSERT INTO product(ean,designation,tin_supplier,date_since) VALUES(7147512311196,'Framboesas',712903054,'2018-12-06');
INSERT INTO product(ean,designation,tin_supplier,date_since) VALUES(3796333237114,'Mirtilo',712903054,'2019-02-14');
INSERT INTO product(ean,designation,tin_supplier,date_since) VALUES(2783906341922,'Macas',729569179,'2017-01-02');
INSERT INTO product(ean,designation,tin_supplier,date_since) VALUES(8665850791230,'Broculos',729569179,'2017-07-02');
INSERT INTO product(ean,designation,tin_supplier,date_since) VALUES(2695399667872,'Alface',729569179,'2018-11-05');
INSERT INTO product(ean,designation,tin_supplier,date_since) VALUES(5163880310407,'Espargos',729569179,'2019-06-09');
INSERT INTO product(ean,designation,tin_supplier,date_since) VALUES(6854995276230,'Cebola',430283141,'2019-08-20');
INSERT INTO product(ean,designation,tin_supplier,date_since) VALUES(4729336180748,'Tomate',430283141,'2018-04-02');
INSERT INTO product(ean,designation,tin_supplier,date_since) VALUES(6843631784295,'Coentros',729569179,'2019-03-11');
INSERT INTO product(ean,designation,tin_supplier,date_since) VALUES(6374953628189,'Beringela',729569179,'2018-08-14');
INSERT INTO product(ean,designation,tin_supplier,date_since) VALUES(1200189215948,'Courgete',729569179,'2017-07-04');
INSERT INTO product(ean,designation,tin_supplier,date_since) VALUES(4750508730343,'Pimentos',729569179,'2017-02-03');
INSERT INTO product(ean,designation,tin_supplier,date_since) VALUES(9012395700662,'Cenoura',729569179,'2018-09-14');
INSERT INTO product(ean,designation,tin_supplier,date_since) VALUES(2861981972568,'Pitaya',613489542,'2019-02-23');
INSERT INTO product(ean,designation,tin_supplier,date_since) VALUES(2758806285794,'Camarao',514927202,'2018-03-28');
INSERT INTO product(ean,designation,tin_supplier,date_since) VALUES(1998805159679,'Salmao',514927202,'2017-09-20');
INSERT INTO product(ean,designation,tin_supplier,date_since) VALUES(6560179708456,'Misto de Legumes',335312786,'2018-09-25');
INSERT INTO product(ean,designation,tin_supplier,date_since) VALUES(2474243297039,'Rissois',917353185,'2019-05-25');
INSERT INTO product(ean,designation,tin_supplier,date_since) VALUES(3942519040027,'Ervilhas',948718012,'2017-09-30');
INSERT INTO product(ean,designation,tin_supplier,date_since) VALUES(1915335660664,'Panados',948718012,'2019-10-08');
INSERT INTO product(ean,designation,tin_supplier,date_since) VALUES(5449806392844,'Douradinhos',606590422,'2019-03-07');
INSERT INTO product(ean,designation,tin_supplier,date_since) VALUES(2614571882084,'Bacalhau',606590422,'2018-05-22');
INSERT INTO product(ean,designation,tin_supplier,date_since) VALUES(9962909186898,'Nuggets',335312786,'2018-09-29');
INSERT INTO product(ean,designation,tin_supplier,date_since) VALUES(6871370466461,'Polvo',573383508,'2017-05-23');
INSERT INTO product(ean,designation,tin_supplier,date_since) VALUES(1438020781957,'Lulas',783297376,'2017-09-01');
INSERT INTO product(ean,designation,tin_supplier,date_since) VALUES(3682940166210,'Lulas Recheados',573383508,'2017-03-28');
INSERT INTO product(ean,designation,tin_supplier,date_since) VALUES(4394464509965,'Gelado de Morango',751316097,'2019-07-31');
INSERT INTO product(ean,designation,tin_supplier,date_since) VALUES(4696807100638,'Gelado de Natas',213887795,'2019-03-10');
INSERT INTO product(ean,designation,tin_supplier,date_since) VALUES(1620278853404,'Equipamento de Portugal',434725465,'2019-11-04');
INSERT INTO product(ean,designation,tin_supplier,date_since) VALUES(7634683201651,'Camisola do Sporting',763188543,'2017-12-06');
INSERT INTO product(ean,designation,tin_supplier,date_since) VALUES(2326705819312,'Camisola do Benfica',763188543,'2018-05-04');
INSERT INTO product(ean,designation,tin_supplier,date_since) VALUES(3993301519651,'Camisola do Porto',763188543,'2018-11-01');
INSERT INTO product(ean,designation,tin_supplier,date_since) VALUES(6766386179705,'Chuteiras Nike',434725465,'2018-06-23');
INSERT INTO product(ean,designation,tin_supplier,date_since) VALUES(5209541332186,'Vinho Tinto Pera Manca',999152869,'2019-01-10');
INSERT INTO product(ean,designation,tin_supplier,date_since) VALUES(9378608460294,'Vinho Tinto Barca Velha',999152869,'2019-12-27');
INSERT INTO product(ean,designation,tin_supplier,date_since) VALUES(7968852118766,'Vinho Tinto Adega Mae',999152869,'2017-04-05');
INSERT INTO product(ean,designation,tin_supplier,date_since) VALUES(9211043768432,'Quinta do Vallado Tinto',964577551,'2017-04-04');
INSERT INTO product(ean,designation,tin_supplier,date_since) VALUES(1993326789948,'Vinho Branco Evaristo',964577551,'2017-11-05');
INSERT INTO product(ean,designation,tin_supplier,date_since) VALUES(2215267379502,'Quinta do Cardo',964577551,'2019-01-02');
INSERT INTO product(ean,designation,tin_supplier,date_since) VALUES(3204201800799,'Café Torrado',296129158,'2019-03-21');
INSERT INTO product(ean,designation,tin_supplier,date_since) VALUES(3831364723577,'Camisola Adidas',520010849,'2018-05-06');
INSERT INTO product(ean,designation,tin_supplier,date_since) VALUES(2598978124083,'T-shirt Hello Kity',524152036,'2019-11-29');
INSERT INTO product(ean,designation,tin_supplier,date_since) VALUES(6094715825110,'Pijama Minions',524152036,'2017-12-31');
INSERT INTO product(ean,designation,tin_supplier,date_since) VALUES(9245809626347,'Roupao Avengers',216301733,'2018-08-27');
INSERT INTO product(ean,designation,tin_supplier,date_since) VALUES(2021169086338,'Pantufas BigFoot',216301733,'2019-02-02');
INSERT INTO product(ean,designation,tin_supplier,date_since) VALUES(6704634776080,'Feijao Preto Enlatado',480172325,'2017-10-06');
INSERT INTO product(ean,designation,tin_supplier,date_since) VALUES(5979557546142,'Feijao Branco Enlatado',480172325,'2019-09-30');
INSERT INTO product(ean,designation,tin_supplier,date_since) VALUES(3627582311797,'Feijao Encarnado',480172325,'2017-08-16');
INSERT INTO product(ean,designation,tin_supplier,date_since) VALUES(8009109808842,'Atum Enlatado',648861982,'2019-05-05');
INSERT INTO product(ean,designation,tin_supplier,date_since) VALUES(1898436732927,'Salsichas Enlatada',648861982,'2019-05-03');
INSERT INTO product(ean,designation,tin_supplier,date_since) VALUES(9644668654897,'Sardinha Enlatada',648861982,'2019-11-06');
INSERT INTO product(ean,designation,tin_supplier,date_since) VALUES(1710842410143,'Milho Enlatado',452760212,'2017-05-24');
INSERT INTO product(ean,designation,tin_supplier,date_since) VALUES(9076050574096,'Cogumelos Enlatado',648861982,'2019-03-20');
INSERT INTO product(ean,designation,tin_supplier,date_since) VALUES(1033812197987,'Cereais Corn Flakes',587408000,'2019-12-18');
INSERT INTO product(ean,designation,tin_supplier,date_since) VALUES(5897709047971,'Cereais Coco Pops',587408000,'2018-11-27');
INSERT INTO product(ean,designation,tin_supplier,date_since) VALUES(2347308386663,'Pringles',587408000,'2019-12-29');
INSERT INTO product(ean,designation,tin_supplier,date_since) VALUES(1831402193991,'Amendoa da California',345192460,'2017-10-11');
INSERT INTO product(ean,designation,tin_supplier,date_since) VALUES(7086898336570,'Nozes',345192460,'2018-03-16');
INSERT INTO product(ean,designation,tin_supplier,date_since) VALUES(8332960719563,'Pistachio',345192460,'2017-08-14');
INSERT INTO product(ean,designation,tin_supplier,date_since) VALUES(8028202977135,'Amendoins Torrados com Mel',345192460,'2019-05-20');
INSERT INTO product(ean,designation,tin_supplier,date_since) VALUES(5041572817363,'Bolacha Maria',333022860,'2018-09-28');
INSERT INTO product(ean,designation,tin_supplier,date_since) VALUES(9540847188417,'Chips Ahoy',333022860,'2019-03-20');
INSERT INTO product(ean,designation,tin_supplier,date_since) VALUES(5649279270809,'Oreo',333022860,'2017-06-04');
INSERT INTO product(ean,designation,tin_supplier,date_since) VALUES(7466365698490,'Milka',333022860,'2019-03-07');
INSERT INTO product(ean,designation,tin_supplier,date_since) VALUES(4472344340904,'Biscoito de Polvilho',446223691,'2017-09-06');
INSERT INTO product(ean,designation,tin_supplier,date_since) VALUES(7590395737702,'Areias',446223691,'2018-08-22');
INSERT INTO product(ean,designation,tin_supplier,date_since) VALUES(2775278875712,'Chiquillin',163089056,'2019-03-02');
INSERT INTO product(ean,designation,tin_supplier,date_since) VALUES(6787779552078,'Chiquillin Duo Chocolate',163089056,'2019-02-01');
INSERT INTO product(ean,designation,tin_supplier,date_since) VALUES(4926396298131,'Arroz Carolino',483712005,'2019-05-07');
INSERT INTO product(ean,designation,tin_supplier,date_since) VALUES(4466304907161,'Esparguete',137664303,'2018-08-14');
INSERT INTO product(ean,designation,tin_supplier,date_since) VALUES(4421900858217,'Arroz Agulha',483712005,'2018-05-07');
INSERT INTO product(ean,designation,tin_supplier,date_since) VALUES(3975117404563,'Massa Penne',137664303,'2019-07-18');
INSERT INTO product(ean,designation,tin_supplier,date_since) VALUES(4749886260506,'Pizza Ristorante ',893254452,'2017-04-13');
INSERT INTO product(ean,designation,tin_supplier,date_since) VALUES(2954027912075,'Pizza Casa Di Mama',893254452,'2017-07-23');
INSERT INTO product(ean,designation,tin_supplier,date_since) VALUES(4086474893907,'Lasanha',488572724,'2019-02-13');
INSERT INTO product(ean,designation,tin_supplier,date_since) VALUES(4455171629557,'Arroz de Pato',762999480,'2018-10-29');
INSERT INTO product(ean,designation,tin_supplier,date_since) VALUES(9017155999629,'Empadao',917353185,'2017-12-25');
INSERT INTO product(ean,designation,tin_supplier,date_since) VALUES(3154774644645,'Bacalhau com Natas',102131044,'2019-12-13');
INSERT INTO product(ean,designation,tin_supplier,date_since) VALUES(2235599916326,'Robalo',126458707,'2019-12-14');
INSERT INTO product(ean,designation,tin_supplier,date_since) VALUES(9794547371266,'Butter Cookies',186213081,'2019-12-15');
INSERT INTO product(ean,designation,tin_supplier,date_since) VALUES(8777969777596,'Frutos do Mar',202900753,'2019-12-16');
INSERT INTO product(ean,designation,tin_supplier,date_since) VALUES(1975104584130,'Queijo Topo',521527581,'2019-12-17');
INSERT INTO product(ean,designation,tin_supplier,date_since) VALUES(8417200675086,'Crop Top Amarelo',584454968,'2019-12-18');
INSERT INTO product(ean,designation,tin_supplier,date_since) VALUES(8493044518258,'Chamucas Congeladas',855695833,'2019-12-19');
INSERT INTO product(ean,designation,tin_supplier,date_since) VALUES(8032391464342,'Bolachas Tuc',911773089,'2019-12-20');


------------------------------------------ Shelves -----------------------------------------------------

INSERT INTO shelf(tin_supermarket,number_corridor,height,side) VALUES(222587995,1,'Floor','Left');
INSERT INTO shelf(tin_supermarket,number_corridor,height,side) VALUES(222587995,1,'Medium','Right');
INSERT INTO shelf(tin_supermarket,number_corridor,height,side) VALUES(222587995,1,'Upper','Left');
INSERT INTO shelf(tin_supermarket,number_corridor,height,side) VALUES(222587995,1,'Floor','Right');
INSERT INTO shelf(tin_supermarket,number_corridor,height,side) VALUES(222587995,1,'Medium','Left');
INSERT INTO shelf(tin_supermarket,number_corridor,height,side) VALUES(222587995,1,'Upper','Right');
INSERT INTO shelf(tin_supermarket,number_corridor,height,side) VALUES(222587995,2,'Floor','Left');
INSERT INTO shelf(tin_supermarket,number_corridor,height,side) VALUES(222587995,2,'Medium','Right');
INSERT INTO shelf(tin_supermarket,number_corridor,height,side) VALUES(222587995,2,'Upper','Left');
INSERT INTO shelf(tin_supermarket,number_corridor,height,side) VALUES(222587995,2,'Floor','Right');
INSERT INTO shelf(tin_supermarket,number_corridor,height,side) VALUES(222587995,2,'Medium','Left');
INSERT INTO shelf(tin_supermarket,number_corridor,height,side) VALUES(222587995,2,'Upper','Right');
INSERT INTO shelf(tin_supermarket,number_corridor,height,side) VALUES(222587995,3,'Floor','Left');
INSERT INTO shelf(tin_supermarket,number_corridor,height,side) VALUES(222587995,3,'Medium','Right');
INSERT INTO shelf(tin_supermarket,number_corridor,height,side) VALUES(222587995,3,'Upper','Left');
INSERT INTO shelf(tin_supermarket,number_corridor,height,side) VALUES(222587995,3,'Floor','Right');
INSERT INTO shelf(tin_supermarket,number_corridor,height,side) VALUES(222587995,3,'Medium','Left');
INSERT INTO shelf(tin_supermarket,number_corridor,height,side) VALUES(222587995,3,'Upper','Right');
INSERT INTO shelf(tin_supermarket,number_corridor,height,side) VALUES(222587995,4,'Floor','Left');
INSERT INTO shelf(tin_supermarket,number_corridor,height,side) VALUES(222587995,4,'Medium','Right');
INSERT INTO shelf(tin_supermarket,number_corridor,height,side) VALUES(222587995,4,'Upper','Left');
INSERT INTO shelf(tin_supermarket,number_corridor,height,side) VALUES(222587995,4,'Floor','Right');
INSERT INTO shelf(tin_supermarket,number_corridor,height,side) VALUES(222587995,4,'Medium','Left');
INSERT INTO shelf(tin_supermarket,number_corridor,height,side) VALUES(222587995,4,'Upper','Right');
INSERT INTO shelf(tin_supermarket,number_corridor,height,side) VALUES(222587995,5,'Floor','Left');
INSERT INTO shelf(tin_supermarket,number_corridor,height,side) VALUES(222587995,5,'Medium','Right');
INSERT INTO shelf(tin_supermarket,number_corridor,height,side) VALUES(222587995,5,'Upper','Left');
INSERT INTO shelf(tin_supermarket,number_corridor,height,side) VALUES(222587995,5,'Floor','Right');
INSERT INTO shelf(tin_supermarket,number_corridor,height,side) VALUES(222587995,5,'Medium','Left');
INSERT INTO shelf(tin_supermarket,number_corridor,height,side) VALUES(222587995,5,'Upper','Right');
INSERT INTO shelf(tin_supermarket,number_corridor,height,side) VALUES(222587995,6,'Floor','Left');
INSERT INTO shelf(tin_supermarket,number_corridor,height,side) VALUES(222587995,6,'Medium','Right');
INSERT INTO shelf(tin_supermarket,number_corridor,height,side) VALUES(222587995,6,'Upper','Left');
INSERT INTO shelf(tin_supermarket,number_corridor,height,side) VALUES(222587995,6,'Floor','Right');
INSERT INTO shelf(tin_supermarket,number_corridor,height,side) VALUES(222587995,6,'Medium','Left');
INSERT INTO shelf(tin_supermarket,number_corridor,height,side) VALUES(222587995,6,'Upper','Right');
INSERT INTO shelf(tin_supermarket,number_corridor,height,side) VALUES(439509559,1,'Floor','Left');
INSERT INTO shelf(tin_supermarket,number_corridor,height,side) VALUES(439509559,1,'Medium','Right');
INSERT INTO shelf(tin_supermarket,number_corridor,height,side) VALUES(439509559,1,'Upper','Left');
INSERT INTO shelf(tin_supermarket,number_corridor,height,side) VALUES(439509559,1,'Floor','Right');
INSERT INTO shelf(tin_supermarket,number_corridor,height,side) VALUES(439509559,1,'Medium','Left');
INSERT INTO shelf(tin_supermarket,number_corridor,height,side) VALUES(439509559,1,'Upper','Right');
INSERT INTO shelf(tin_supermarket,number_corridor,height,side) VALUES(439509559,2,'Floor','Left');
INSERT INTO shelf(tin_supermarket,number_corridor,height,side) VALUES(439509559,2,'Medium','Right');
INSERT INTO shelf(tin_supermarket,number_corridor,height,side) VALUES(439509559,2,'Upper','Left');
INSERT INTO shelf(tin_supermarket,number_corridor,height,side) VALUES(439509559,2,'Floor','Right');
INSERT INTO shelf(tin_supermarket,number_corridor,height,side) VALUES(439509559,2,'Medium','Left');
INSERT INTO shelf(tin_supermarket,number_corridor,height,side) VALUES(439509559,2,'Upper','Right');
INSERT INTO shelf(tin_supermarket,number_corridor,height,side) VALUES(439509559,3,'Floor','Left');
INSERT INTO shelf(tin_supermarket,number_corridor,height,side) VALUES(439509559,3,'Medium','Right');
INSERT INTO shelf(tin_supermarket,number_corridor,height,side) VALUES(439509559,3,'Upper','Left');
INSERT INTO shelf(tin_supermarket,number_corridor,height,side) VALUES(439509559,3,'Floor','Right');
INSERT INTO shelf(tin_supermarket,number_corridor,height,side) VALUES(439509559,3,'Medium','Left');
INSERT INTO shelf(tin_supermarket,number_corridor,height,side) VALUES(439509559,3,'Upper','Right');
INSERT INTO shelf(tin_supermarket,number_corridor,height,side) VALUES(439509559,4,'Floor','Left');
INSERT INTO shelf(tin_supermarket,number_corridor,height,side) VALUES(439509559,4,'Medium','Right');
INSERT INTO shelf(tin_supermarket,number_corridor,height,side) VALUES(439509559,4,'Upper','Left');
INSERT INTO shelf(tin_supermarket,number_corridor,height,side) VALUES(439509559,4,'Floor','Right');
INSERT INTO shelf(tin_supermarket,number_corridor,height,side) VALUES(439509559,4,'Medium','Left');
INSERT INTO shelf(tin_supermarket,number_corridor,height,side) VALUES(439509559,4,'Upper','Right');
INSERT INTO shelf(tin_supermarket,number_corridor,height,side) VALUES(439509559,5,'Floor','Left');
INSERT INTO shelf(tin_supermarket,number_corridor,height,side) VALUES(439509559,5,'Medium','Right');
INSERT INTO shelf(tin_supermarket,number_corridor,height,side) VALUES(439509559,5,'Upper','Left');
INSERT INTO shelf(tin_supermarket,number_corridor,height,side) VALUES(439509559,5,'Floor','Right');
INSERT INTO shelf(tin_supermarket,number_corridor,height,side) VALUES(439509559,5,'Medium','Left');
INSERT INTO shelf(tin_supermarket,number_corridor,height,side) VALUES(439509559,5,'Upper','Right');
INSERT INTO shelf(tin_supermarket,number_corridor,height,side) VALUES(584606763,1,'Floor','Left');
INSERT INTO shelf(tin_supermarket,number_corridor,height,side) VALUES(584606763,1,'Medium','Right');
INSERT INTO shelf(tin_supermarket,number_corridor,height,side) VALUES(584606763,1,'Upper','Left');
INSERT INTO shelf(tin_supermarket,number_corridor,height,side) VALUES(584606763,1,'Floor','Right');
INSERT INTO shelf(tin_supermarket,number_corridor,height,side) VALUES(584606763,1,'Medium','Left');
INSERT INTO shelf(tin_supermarket,number_corridor,height,side) VALUES(584606763,1,'Upper','Right');
INSERT INTO shelf(tin_supermarket,number_corridor,height,side) VALUES(584606763,2,'Floor','Left');
INSERT INTO shelf(tin_supermarket,number_corridor,height,side) VALUES(584606763,2,'Medium','Right');
INSERT INTO shelf(tin_supermarket,number_corridor,height,side) VALUES(584606763,2,'Upper','Left');
INSERT INTO shelf(tin_supermarket,number_corridor,height,side) VALUES(584606763,2,'Floor','Right');
INSERT INTO shelf(tin_supermarket,number_corridor,height,side) VALUES(584606763,2,'Medium','Left');
INSERT INTO shelf(tin_supermarket,number_corridor,height,side) VALUES(584606763,2,'Upper','Right');
INSERT INTO shelf(tin_supermarket,number_corridor,height,side) VALUES(584606763,3,'Floor','Left');
INSERT INTO shelf(tin_supermarket,number_corridor,height,side) VALUES(584606763,3,'Medium','Right');
INSERT INTO shelf(tin_supermarket,number_corridor,height,side) VALUES(584606763,3,'Upper','Left');
INSERT INTO shelf(tin_supermarket,number_corridor,height,side) VALUES(584606763,3,'Floor','Right');
INSERT INTO shelf(tin_supermarket,number_corridor,height,side) VALUES(584606763,3,'Medium','Left');
INSERT INTO shelf(tin_supermarket,number_corridor,height,side) VALUES(584606763,3,'Upper','Right');
INSERT INTO shelf(tin_supermarket,number_corridor,height,side) VALUES(584606763,4,'Floor','Left');
INSERT INTO shelf(tin_supermarket,number_corridor,height,side) VALUES(584606763,4,'Medium','Right');
INSERT INTO shelf(tin_supermarket,number_corridor,height,side) VALUES(584606763,4,'Upper','Left');
INSERT INTO shelf(tin_supermarket,number_corridor,height,side) VALUES(584606763,4,'Floor','Right');
INSERT INTO shelf(tin_supermarket,number_corridor,height,side) VALUES(584606763,4,'Medium','Left');
INSERT INTO shelf(tin_supermarket,number_corridor,height,side) VALUES(584606763,4,'Upper','Right');
INSERT INTO shelf(tin_supermarket,number_corridor,height,side) VALUES(699079553,1,'Floor','Left');
INSERT INTO shelf(tin_supermarket,number_corridor,height,side) VALUES(699079553,1,'Medium','Right');
INSERT INTO shelf(tin_supermarket,number_corridor,height,side) VALUES(699079553,1,'Upper','Left');
INSERT INTO shelf(tin_supermarket,number_corridor,height,side) VALUES(699079553,1,'Floor','Right');
INSERT INTO shelf(tin_supermarket,number_corridor,height,side) VALUES(699079553,1,'Medium','Left');
INSERT INTO shelf(tin_supermarket,number_corridor,height,side) VALUES(699079553,1,'Upper','Right');
INSERT INTO shelf(tin_supermarket,number_corridor,height,side) VALUES(699079553,2,'Floor','Left');
INSERT INTO shelf(tin_supermarket,number_corridor,height,side) VALUES(699079553,2,'Medium','Right');
INSERT INTO shelf(tin_supermarket,number_corridor,height,side) VALUES(699079553,2,'Upper','Left');
INSERT INTO shelf(tin_supermarket,number_corridor,height,side) VALUES(699079553,2,'Floor','Right');
INSERT INTO shelf(tin_supermarket,number_corridor,height,side) VALUES(699079553,2,'Medium','Left');
INSERT INTO shelf(tin_supermarket,number_corridor,height,side) VALUES(699079553,2,'Upper','Right');
INSERT INTO shelf(tin_supermarket,number_corridor,height,side) VALUES(699079553,3,'Floor','Left');
INSERT INTO shelf(tin_supermarket,number_corridor,height,side) VALUES(699079553,3,'Medium','Right');
INSERT INTO shelf(tin_supermarket,number_corridor,height,side) VALUES(699079553,3,'Upper','Left');
INSERT INTO shelf(tin_supermarket,number_corridor,height,side) VALUES(699079553,3,'Floor','Right');
INSERT INTO shelf(tin_supermarket,number_corridor,height,side) VALUES(699079553,3,'Medium','Left');
INSERT INTO shelf(tin_supermarket,number_corridor,height,side) VALUES(699079553,3,'Upper','Right');
INSERT INTO shelf(tin_supermarket,number_corridor,height,side) VALUES(858336533,1,'Floor','Left');
INSERT INTO shelf(tin_supermarket,number_corridor,height,side) VALUES(858336533,1,'Medium','Right');
INSERT INTO shelf(tin_supermarket,number_corridor,height,side) VALUES(858336533,1,'Upper','Left');
INSERT INTO shelf(tin_supermarket,number_corridor,height,side) VALUES(858336533,1,'Floor','Right');
INSERT INTO shelf(tin_supermarket,number_corridor,height,side) VALUES(858336533,1,'Medium','Left');
INSERT INTO shelf(tin_supermarket,number_corridor,height,side) VALUES(858336533,1,'Upper','Right');
INSERT INTO shelf(tin_supermarket,number_corridor,height,side) VALUES(858336533,2,'Floor','Left');
INSERT INTO shelf(tin_supermarket,number_corridor,height,side) VALUES(858336533,2,'Medium','Right');
INSERT INTO shelf(tin_supermarket,number_corridor,height,side) VALUES(858336533,2,'Upper','Left');
INSERT INTO shelf(tin_supermarket,number_corridor,height,side) VALUES(858336533,2,'Floor','Right');
INSERT INTO shelf(tin_supermarket,number_corridor,height,side) VALUES(858336533,2,'Medium','Left');
INSERT INTO shelf(tin_supermarket,number_corridor,height,side) VALUES(858336533,2,'Upper','Right');
INSERT INTO shelf(tin_supermarket,number_corridor,height,side) VALUES(858336533,3,'Floor','Left');
INSERT INTO shelf(tin_supermarket,number_corridor,height,side) VALUES(858336533,3,'Medium','Right');
INSERT INTO shelf(tin_supermarket,number_corridor,height,side) VALUES(858336533,3,'Upper','Left');
INSERT INTO shelf(tin_supermarket,number_corridor,height,side) VALUES(858336533,3,'Floor','Right');
INSERT INTO shelf(tin_supermarket,number_corridor,height,side) VALUES(858336533,3,'Medium','Left');
INSERT INTO shelf(tin_supermarket,number_corridor,height,side) VALUES(858336533,3,'Upper','Right');
INSERT INTO shelf(tin_supermarket,number_corridor,height,side) VALUES(858336533,4,'Floor','Left');
INSERT INTO shelf(tin_supermarket,number_corridor,height,side) VALUES(858336533,4,'Medium','Right');
INSERT INTO shelf(tin_supermarket,number_corridor,height,side) VALUES(858336533,4,'Upper','Left');
INSERT INTO shelf(tin_supermarket,number_corridor,height,side) VALUES(858336533,4,'Floor','Right');
INSERT INTO shelf(tin_supermarket,number_corridor,height,side) VALUES(858336533,4,'Medium','Left');
INSERT INTO shelf(tin_supermarket,number_corridor,height,side) VALUES(858336533,4,'Upper','Right');
INSERT INTO shelf(tin_supermarket,number_corridor,height,side) VALUES(858336533,5,'Floor','Left');
INSERT INTO shelf(tin_supermarket,number_corridor,height,side) VALUES(858336533,5,'Medium','Right');
INSERT INTO shelf(tin_supermarket,number_corridor,height,side) VALUES(858336533,5,'Upper','Left');
INSERT INTO shelf(tin_supermarket,number_corridor,height,side) VALUES(858336533,5,'Floor','Right');
INSERT INTO shelf(tin_supermarket,number_corridor,height,side) VALUES(858336533,5,'Medium','Left');
INSERT INTO shelf(tin_supermarket,number_corridor,height,side) VALUES(858336533,5,'Upper','Right');
INSERT INTO shelf(tin_supermarket,number_corridor,height,side) VALUES(858336533,6,'Floor','Left');
INSERT INTO shelf(tin_supermarket,number_corridor,height,side) VALUES(858336533,6,'Medium','Right');
INSERT INTO shelf(tin_supermarket,number_corridor,height,side) VALUES(858336533,6,'Upper','Left');
INSERT INTO shelf(tin_supermarket,number_corridor,height,side) VALUES(858336533,6,'Floor','Right');
INSERT INTO shelf(tin_supermarket,number_corridor,height,side) VALUES(858336533,6,'Medium','Left');
INSERT INTO shelf(tin_supermarket,number_corridor,height,side) VALUES(858336533,6,'Upper','Right');


--------------------------------------------- Secondary supplier ------------------------------------

INSERT INTO secondary_supplier(tin_supplier,name_supplier) VALUES(102131044,'Eurofrozen');
INSERT INTO secondary_supplier(tin_supplier,name_supplier) VALUES(126458707,'Vitor Carapinha');
INSERT INTO secondary_supplier(tin_supplier,name_supplier) VALUES(137664303,'Cerealis');
INSERT INTO secondary_supplier(tin_supplier,name_supplier) VALUES(163089056,'Artiach');
INSERT INTO secondary_supplier(tin_supplier,name_supplier) VALUES(176466418,'Nutrializ');
INSERT INTO secondary_supplier(tin_supplier,name_supplier) VALUES(186213081,'Dancake');
INSERT INTO secondary_supplier(tin_supplier,name_supplier) VALUES(202900753,'CastelMar');
INSERT INTO secondary_supplier(tin_supplier,name_supplier) VALUES(213887795,'Gelcon');
INSERT INTO secondary_supplier(tin_supplier,name_supplier) VALUES(216301733,'Finouro');
INSERT INTO secondary_supplier(tin_supplier,name_supplier) VALUES(264199848,'Matutano');
INSERT INTO secondary_supplier(tin_supplier,name_supplier) VALUES(285582946,'Carnalentejana');
INSERT INTO secondary_supplier(tin_supplier,name_supplier) VALUES(296129158,'Torrie');
INSERT INTO secondary_supplier(tin_supplier,name_supplier) VALUES(333022860,'Cuetara');
INSERT INTO secondary_supplier(tin_supplier,name_supplier) VALUES(335312786,'Norte Foods Portugal');
INSERT INTO secondary_supplier(tin_supplier,name_supplier) VALUES(345192460,'Alesto');
INSERT INTO secondary_supplier(tin_supplier,name_supplier) VALUES(345192461,'Popz');
INSERT INTO secondary_supplier(tin_supplier,name_supplier) VALUES(373981013,'Lima com Pimenta');
INSERT INTO secondary_supplier(tin_supplier,name_supplier) VALUES(429815137,'Seara');
INSERT INTO secondary_supplier(tin_supplier,name_supplier) VALUES(430283141,'Gesfrescos');
INSERT INTO secondary_supplier(tin_supplier,name_supplier) VALUES(434725465,'Senna');
INSERT INTO secondary_supplier(tin_supplier,name_supplier) VALUES(446223691,'Globo');
INSERT INTO secondary_supplier(tin_supplier,name_supplier) VALUES(452327072,'Nuno Quelhas Lda');
INSERT INTO secondary_supplier(tin_supplier,name_supplier) VALUES(452760212,'Compal');
INSERT INTO secondary_supplier(tin_supplier,name_supplier) VALUES(480172325,'Ramirez');
INSERT INTO secondary_supplier(tin_supplier,name_supplier) VALUES(483712005,'Cigala');
INSERT INTO secondary_supplier(tin_supplier,name_supplier) VALUES(488572724,'Sadia');
INSERT INTO secondary_supplier(tin_supplier,name_supplier) VALUES(506951139,'Super Bock');
INSERT INTO secondary_supplier(tin_supplier,name_supplier) VALUES(514927202,'Mar Peixe');
INSERT INTO secondary_supplier(tin_supplier,name_supplier) VALUES(520010849,'Albanos');
INSERT INTO secondary_supplier(tin_supplier,name_supplier) VALUES(521527581,'Finisterra');
INSERT INTO secondary_supplier(tin_supplier,name_supplier) VALUES(524152036,'In Style Fashion');
INSERT INTO secondary_supplier(tin_supplier,name_supplier) VALUES(573383508,'Aquamar');
INSERT INTO secondary_supplier(tin_supplier,name_supplier) VALUES(584454968,'Q2WholeSale');
INSERT INTO secondary_supplier(tin_supplier,name_supplier) VALUES(587408000,'Kellog');
INSERT INTO secondary_supplier(tin_supplier,name_supplier) VALUES(606590422,'Riberalves');
INSERT INTO secondary_supplier(tin_supplier,name_supplier) VALUES(613489542,'Frusantos');
INSERT INTO secondary_supplier(tin_supplier,name_supplier) VALUES(648861982,'Ferbar');
INSERT INTO secondary_supplier(tin_supplier,name_supplier) VALUES(669526283,'Despomar');
INSERT INTO secondary_supplier(tin_supplier,name_supplier) VALUES(712903054,'El Grupo Sca');
INSERT INTO secondary_supplier(tin_supplier,name_supplier) VALUES(729569179,'Hortaiberica');
INSERT INTO secondary_supplier(tin_supplier,name_supplier) VALUES(751316097,'Ola');
INSERT INTO secondary_supplier(tin_supplier,name_supplier) VALUES(762999480,'Topgel');
INSERT INTO secondary_supplier(tin_supplier,name_supplier) VALUES(763188543,'Profisport');
INSERT INTO secondary_supplier(tin_supplier,name_supplier) VALUES(783297376,'Bastomar');
INSERT INTO secondary_supplier(tin_supplier,name_supplier) VALUES(855695833,'Goldies');
INSERT INTO secondary_supplier(tin_supplier,name_supplier) VALUES(865593672,'Central de Cervejas');
INSERT INTO secondary_supplier(tin_supplier,name_supplier) VALUES(893254452,'Dr. Oekter');
INSERT INTO secondary_supplier(tin_supplier,name_supplier) VALUES(893514979,'Carne Valinho');
INSERT INTO secondary_supplier(tin_supplier,name_supplier) VALUES(911773089,'FANTASTYC');
INSERT INTO secondary_supplier(tin_supplier,name_supplier) VALUES(917353185,'Friopastel');
INSERT INTO secondary_supplier(tin_supplier,name_supplier) VALUES(948718012,'Panike');
INSERT INTO secondary_supplier(tin_supplier,name_supplier) VALUES(964577551,'Quinta da Laboeira');
INSERT INTO secondary_supplier(tin_supplier,name_supplier) VALUES(999152869,'Adega Mae');


------------------------------------------ Supplies secondary -------------------------

INSERT INTO supplies_secondary(tin_supplier,ean) VALUES(483712005,4466304907161);
INSERT INTO supplies_secondary(tin_supplier,ean) VALUES(137664303,4926396298131);
INSERT INTO supplies_secondary(tin_supplier,ean) VALUES(917353185,2954027912075);
INSERT INTO supplies_secondary(tin_supplier,ean) VALUES(213887795,4394464509965);
INSERT INTO supplies_secondary(tin_supplier,ean) VALUES(751316097,4696807100638);
INSERT INTO supplies_secondary(tin_supplier,ean) VALUES(964577551,5209541332186);
INSERT INTO supplies_secondary(tin_supplier,ean) VALUES(964577551,7968852118766);
INSERT INTO supplies_secondary(tin_supplier,ean) VALUES(964577551,9378608460294);
INSERT INTO supplies_secondary(tin_supplier,ean) VALUES(648861982,1710842410143);
INSERT INTO supplies_secondary(tin_supplier,ean) VALUES(648861982,3627582311797);
INSERT INTO supplies_secondary(tin_supplier,ean) VALUES(648861982,3942519040027);
INSERT INTO supplies_secondary(tin_supplier,ean) VALUES(948718012,5979557546142);
INSERT INTO supplies_secondary(tin_supplier,ean) VALUES(948718012,6704634776080);
INSERT INTO supplies_secondary(tin_supplier,ean) VALUES(948718012,8009109808842);
INSERT INTO supplies_secondary(tin_supplier,ean) VALUES(948718012,9076050574096);
INSERT INTO supplies_secondary(tin_supplier,ean) VALUES(480172325,9644668654897);
INSERT INTO supplies_secondary(tin_supplier,ean) VALUES(480172325,1710842410143);
INSERT INTO supplies_secondary(tin_supplier,ean) VALUES(452760212,3627582311797);
INSERT INTO supplies_secondary(tin_supplier,ean) VALUES(452760212,3942519040027);
INSERT INTO supplies_secondary(tin_supplier,ean) VALUES(648861982,5979557546142);
INSERT INTO supplies_secondary(tin_supplier,ean) VALUES(648861982,6704634776080);
INSERT INTO supplies_secondary(tin_supplier,ean) VALUES(480172325,8009109808842);
INSERT INTO supplies_secondary(tin_supplier,ean) VALUES(480172325,9076050574096);
INSERT INTO supplies_secondary(tin_supplier,ean) VALUES(948718012,9644668654897);
INSERT INTO supplies_secondary(tin_supplier,ean) VALUES(948718012,1710842410143);
INSERT INTO supplies_secondary(tin_supplier,ean) VALUES(948718012,3627582311797);
INSERT INTO supplies_secondary(tin_supplier,ean) VALUES(480172325,3942519040027);
INSERT INTO supplies_secondary(tin_supplier,ean) VALUES(373981013,1029859355932);
INSERT INTO supplies_secondary(tin_supplier,ean) VALUES(373981013,1897462287188);
INSERT INTO supplies_secondary(tin_supplier,ean) VALUES(729569179,2695399667872);
INSERT INTO supplies_secondary(tin_supplier,ean) VALUES(729569179,2783906341922);
INSERT INTO supplies_secondary(tin_supplier,ean) VALUES(613489542,2861981972568);
INSERT INTO supplies_secondary(tin_supplier,ean) VALUES(373981013,3766679083978);
INSERT INTO supplies_secondary(tin_supplier,ean) VALUES(712903054,3796333237114);
INSERT INTO supplies_secondary(tin_supplier,ean) VALUES(430283141,4729336180748);
INSERT INTO supplies_secondary(tin_supplier,ean) VALUES(729569179,4750508730343);
INSERT INTO supplies_secondary(tin_supplier,ean) VALUES(729569179,5163880310407);
INSERT INTO supplies_secondary(tin_supplier,ean) VALUES(729569179,6843631784295);
INSERT INTO supplies_secondary(tin_supplier,ean) VALUES(430283141,6854995276230);
INSERT INTO supplies_secondary(tin_supplier,ean) VALUES(712903054,8370506404675);
INSERT INTO supplies_secondary(tin_supplier,ean) VALUES(729569179,9012395700662);
INSERT INTO supplies_secondary(tin_supplier,ean) VALUES(712903054,1029859355932);
INSERT INTO supplies_secondary(tin_supplier,ean) VALUES(712903054,1897462287188);
INSERT INTO supplies_secondary(tin_supplier,ean) VALUES(373981013,2695399667872);
INSERT INTO supplies_secondary(tin_supplier,ean) VALUES(373981013,2783906341922);
INSERT INTO supplies_secondary(tin_supplier,ean) VALUES(712903054,2861981972568);
INSERT INTO supplies_secondary(tin_supplier,ean) VALUES(712903054,3766679083978);
INSERT INTO supplies_secondary(tin_supplier,ean) VALUES(373981013,3796333237114);
INSERT INTO supplies_secondary(tin_supplier,ean) VALUES(373981013,4729336180748);
INSERT INTO supplies_secondary(tin_supplier,ean) VALUES(373981013,4750508730343);
INSERT INTO supplies_secondary(tin_supplier,ean) VALUES(373981013,5163880310407);
INSERT INTO supplies_secondary(tin_supplier,ean) VALUES(373981013,6843631784295);
INSERT INTO supplies_secondary(tin_supplier,ean) VALUES(373981013,6854995276230);
INSERT INTO supplies_secondary(tin_supplier,ean) VALUES(373981013,8370506404675);
INSERT INTO supplies_secondary(tin_supplier,ean) VALUES(373981013,9012395700662);
INSERT INTO supplies_secondary(tin_supplier,ean) VALUES(729569179,1029859355932);
INSERT INTO supplies_secondary(tin_supplier,ean) VALUES(729569179,1897462287188);
INSERT INTO supplies_secondary(tin_supplier,ean) VALUES(712903054,2695399667872);
INSERT INTO supplies_secondary(tin_supplier,ean) VALUES(712903054,2783906341922);
INSERT INTO supplies_secondary(tin_supplier,ean) VALUES(729569179,2861981972568);
INSERT INTO supplies_secondary(tin_supplier,ean) VALUES(729569179,3766679083978);
INSERT INTO supplies_secondary(tin_supplier,ean) VALUES(729569179,3796333237114);
INSERT INTO supplies_secondary(tin_supplier,ean) VALUES(729569179,4729336180748);
INSERT INTO supplies_secondary(tin_supplier,ean) VALUES(712903054,4750508730343);
INSERT INTO supplies_secondary(tin_supplier,ean) VALUES(712903054,5163880310407);
INSERT INTO supplies_secondary(tin_supplier,ean) VALUES(712903054,6843631784295);
INSERT INTO supplies_secondary(tin_supplier,ean) VALUES(729569179,6854995276230);
INSERT INTO supplies_secondary(tin_supplier,ean) VALUES(729569179,8370506404675);
INSERT INTO supplies_secondary(tin_supplier,ean) VALUES(712903054,9012395700662);
INSERT INTO supplies_secondary(tin_supplier,ean) VALUES(452327072,1063571155746);
INSERT INTO supplies_secondary(tin_supplier,ean) VALUES(893514979,1732105133668);
INSERT INTO supplies_secondary(tin_supplier,ean) VALUES(285582946,2801988318568);
INSERT INTO supplies_secondary(tin_supplier,ean) VALUES(285582946,3748951277680);
INSERT INTO supplies_secondary(tin_supplier,ean) VALUES(429815137,4077376845819);
INSERT INTO supplies_secondary(tin_supplier,ean) VALUES(176466418,4102573176025);
INSERT INTO supplies_secondary(tin_supplier,ean) VALUES(893514979,4792518572144);
INSERT INTO supplies_secondary(tin_supplier,ean) VALUES(452327072,5423524870098);
INSERT INTO supplies_secondary(tin_supplier,ean) VALUES(452327072,7170411688691);
INSERT INTO supplies_secondary(tin_supplier,ean) VALUES(285582946,9296251265169);
INSERT INTO supplies_secondary(tin_supplier,ean) VALUES(176466418,1063571155746);
INSERT INTO supplies_secondary(tin_supplier,ean) VALUES(176466418,1732105133668);
INSERT INTO supplies_secondary(tin_supplier,ean) VALUES(176466418,2801988318568);
INSERT INTO supplies_secondary(tin_supplier,ean) VALUES(176466418,3748951277680);
INSERT INTO supplies_secondary(tin_supplier,ean) VALUES(176466418,4077376845819);
INSERT INTO supplies_secondary(tin_supplier,ean) VALUES(285582946,4102573176025);
INSERT INTO supplies_secondary(tin_supplier,ean) VALUES(176466418,4792518572144);
INSERT INTO supplies_secondary(tin_supplier,ean) VALUES(176466418,5423524870098);
INSERT INTO supplies_secondary(tin_supplier,ean) VALUES(176466418,7170411688691);
INSERT INTO supplies_secondary(tin_supplier,ean) VALUES(176466418,9296251265169);
INSERT INTO supplies_secondary(tin_supplier,ean) VALUES(285582946,1063571155746);
INSERT INTO supplies_secondary(tin_supplier,ean) VALUES(285582946,1732105133668);
INSERT INTO supplies_secondary(tin_supplier,ean) VALUES(429815137,2801988318568);
INSERT INTO supplies_secondary(tin_supplier,ean) VALUES(429815137,3748951277680);
INSERT INTO supplies_secondary(tin_supplier,ean) VALUES(285582946,4077376845819);
INSERT INTO supplies_secondary(tin_supplier,ean) VALUES(429815137,4102573176025);
INSERT INTO supplies_secondary(tin_supplier,ean) VALUES(285582946,4792518572144);
INSERT INTO supplies_secondary(tin_supplier,ean) VALUES(285582946,5423524870098);
INSERT INTO supplies_secondary(tin_supplier,ean) VALUES(285582946,7170411688691);
INSERT INTO supplies_secondary(tin_supplier,ean) VALUES(429815137,9296251265169);
INSERT INTO supplies_secondary(tin_supplier,ean) VALUES(893514979,1063571155746);
INSERT INTO supplies_secondary(tin_supplier,ean) VALUES(452327072,1732105133668);
INSERT INTO supplies_secondary(tin_supplier,ean) VALUES(452327072,2801988318568);
INSERT INTO supplies_secondary(tin_supplier,ean) VALUES(452327072,3748951277680);
INSERT INTO supplies_secondary(tin_supplier,ean) VALUES(452327072,4077376845819);
INSERT INTO supplies_secondary(tin_supplier,ean) VALUES(452327072,4102573176025);
INSERT INTO supplies_secondary(tin_supplier,ean) VALUES(452327072,4792518572144);
INSERT INTO supplies_secondary(tin_supplier,ean) VALUES(893514979,5423524870098);
INSERT INTO supplies_secondary(tin_supplier,ean) VALUES(893514979,7170411688691);
INSERT INTO supplies_secondary(tin_supplier,ean) VALUES(452327072,9296251265169);
INSERT INTO supplies_secondary(tin_supplier,ean) VALUES(865593672,1167917673881);
INSERT INTO supplies_secondary(tin_supplier,ean) VALUES(865593672,2657891059022);
INSERT INTO supplies_secondary(tin_supplier,ean) VALUES(506951139,7516439211956);
INSERT INTO supplies_secondary(tin_supplier,ean) VALUES(506951139,1167917673881);
INSERT INTO supplies_secondary(tin_supplier,ean) VALUES(506951139,2657891059022);
INSERT INTO supplies_secondary(tin_supplier,ean) VALUES(865593672,7516439211956);
INSERT INTO supplies_secondary(tin_supplier,ean) VALUES(917353185,2474243297039);
INSERT INTO supplies_secondary(tin_supplier,ean) VALUES(514927202,2758806285794);
INSERT INTO supplies_secondary(tin_supplier,ean) VALUES(102131044,3154774644645);
INSERT INTO supplies_secondary(tin_supplier,ean) VALUES(488572724,4086474893907);
INSERT INTO supplies_secondary(tin_supplier,ean) VALUES(606590422,5449806392844);
INSERT INTO supplies_secondary(tin_supplier,ean) VALUES(573383508,6871370466461);
INSERT INTO supplies_secondary(tin_supplier,ean) VALUES(917353185,9017155999629);
INSERT INTO supplies_secondary(tin_supplier,ean) VALUES(202900753,8777969777596);
INSERT INTO supplies_secondary(tin_supplier,ean) VALUES(102131044,2474243297039);
INSERT INTO supplies_secondary(tin_supplier,ean) VALUES(102131044,2758806285794);
INSERT INTO supplies_secondary(tin_supplier,ean) VALUES(202900753,3154774644645);
INSERT INTO supplies_secondary(tin_supplier,ean) VALUES(102131044,4086474893907);
INSERT INTO supplies_secondary(tin_supplier,ean) VALUES(102131044,5449806392844);
INSERT INTO supplies_secondary(tin_supplier,ean) VALUES(102131044,6871370466461);
INSERT INTO supplies_secondary(tin_supplier,ean) VALUES(102131044,9017155999629);
INSERT INTO supplies_secondary(tin_supplier,ean) VALUES(102131044,8777969777596);
INSERT INTO supplies_secondary(tin_supplier,ean) VALUES(202900753,2474243297039);
INSERT INTO supplies_secondary(tin_supplier,ean) VALUES(202900753,2758806285794);
INSERT INTO supplies_secondary(tin_supplier,ean) VALUES(335312786,3154774644645);
INSERT INTO supplies_secondary(tin_supplier,ean) VALUES(202900753,4086474893907);
INSERT INTO supplies_secondary(tin_supplier,ean) VALUES(202900753,5449806392844);
INSERT INTO supplies_secondary(tin_supplier,ean) VALUES(202900753,6871370466461);
INSERT INTO supplies_secondary(tin_supplier,ean) VALUES(202900753,9017155999629);
INSERT INTO supplies_secondary(tin_supplier,ean) VALUES(335312786,8777969777596);
INSERT INTO supplies_secondary(tin_supplier,ean) VALUES(335312786,2474243297039);
INSERT INTO supplies_secondary(tin_supplier,ean) VALUES(335312786,2758806285794);
INSERT INTO supplies_secondary(tin_supplier,ean) VALUES(488572724,3154774644645);
INSERT INTO supplies_secondary(tin_supplier,ean) VALUES(335312786,4086474893907);
INSERT INTO supplies_secondary(tin_supplier,ean) VALUES(335312786,5449806392844);
INSERT INTO supplies_secondary(tin_supplier,ean) VALUES(335312786,6871370466461);
INSERT INTO supplies_secondary(tin_supplier,ean) VALUES(335312786,9017155999629);
INSERT INTO supplies_secondary(tin_supplier,ean) VALUES(488572724,8777969777596);
INSERT INTO supplies_secondary(tin_supplier,ean) VALUES(488572724,2474243297039);
INSERT INTO supplies_secondary(tin_supplier,ean) VALUES(488572724,2758806285794);
INSERT INTO supplies_secondary(tin_supplier,ean) VALUES(762999480,3154774644645);
INSERT INTO supplies_secondary(tin_supplier,ean) VALUES(488572724,5449806392844);
INSERT INTO supplies_secondary(tin_supplier,ean) VALUES(488572724,6871370466461);
INSERT INTO supplies_secondary(tin_supplier,ean) VALUES(488572724,9017155999629);
INSERT INTO supplies_secondary(tin_supplier,ean) VALUES(762999480,8777969777596);
INSERT INTO supplies_secondary(tin_supplier,ean) VALUES(762999480,2474243297039);
INSERT INTO supplies_secondary(tin_supplier,ean) VALUES(762999480,2758806285794);
INSERT INTO supplies_secondary(tin_supplier,ean) VALUES(917353185,3154774644645);
INSERT INTO supplies_secondary(tin_supplier,ean) VALUES(762999480,4086474893907);
INSERT INTO supplies_secondary(tin_supplier,ean) VALUES(762999480,5449806392844);
INSERT INTO supplies_secondary(tin_supplier,ean) VALUES(762999480,6871370466461);
INSERT INTO supplies_secondary(tin_supplier,ean) VALUES(762999480,9017155999629);
INSERT INTO supplies_secondary(tin_supplier,ean) VALUES(917353185,8777969777596);
INSERT INTO supplies_secondary(tin_supplier,ean) VALUES(917353185,2758806285794);
INSERT INTO supplies_secondary(tin_supplier,ean) VALUES(917353185,4086474893907);
INSERT INTO supplies_secondary(tin_supplier,ean) VALUES(917353185,5449806392844);
INSERT INTO supplies_secondary(tin_supplier,ean) VALUES(917353185,6871370466461);
INSERT INTO supplies_secondary(tin_supplier,ean) VALUES(434725465,7634683201651);
INSERT INTO supplies_secondary(tin_supplier,ean) VALUES(520010849,7634683201651);
INSERT INTO supplies_secondary(tin_supplier,ean) VALUES(669526283,7634683201651);
INSERT INTO supplies_secondary(tin_supplier,ean) VALUES(584454968,7634683201651);
INSERT INTO supplies_secondary(tin_supplier,ean) VALUES(520010849,9245809626347);
INSERT INTO supplies_secondary(tin_supplier,ean) VALUES(524152036,9245809626347);
INSERT INTO supplies_secondary(tin_supplier,ean) VALUES(584454968,9245809626347);
INSERT INTO supplies_secondary(tin_supplier,ean) VALUES(434725465,9245809626347);
INSERT INTO supplies_secondary(tin_supplier,ean) VALUES(216301733,6094715825110);
INSERT INTO supplies_secondary(tin_supplier,ean) VALUES(520010849,6094715825110);
INSERT INTO supplies_secondary(tin_supplier,ean) VALUES(584454968,6094715825110);
INSERT INTO supplies_secondary(tin_supplier,ean) VALUES(434725465,6094715825110);
INSERT INTO supplies_secondary(tin_supplier,ean) VALUES(584454968,6766386179705);
INSERT INTO supplies_secondary(tin_supplier,ean) VALUES(520010849,6766386179705);
INSERT INTO supplies_secondary(tin_supplier,ean) VALUES(669526283,6766386179705);
INSERT INTO supplies_secondary(tin_supplier,ean) VALUES(763188543,6766386179705);
INSERT INTO supplies_secondary(tin_supplier,ean) VALUES(584454968,3831364723577);
INSERT INTO supplies_secondary(tin_supplier,ean) VALUES(434725465,3831364723577);
INSERT INTO supplies_secondary(tin_supplier,ean) VALUES(669526283,3831364723577);
INSERT INTO supplies_secondary(tin_supplier,ean) VALUES(763188543,3831364723577);
INSERT INTO supplies_secondary(tin_supplier,ean) VALUES(434725465,3993301519651);
INSERT INTO supplies_secondary(tin_supplier,ean) VALUES(520010849,3993301519651);
INSERT INTO supplies_secondary(tin_supplier,ean) VALUES(669526283,3993301519651);
INSERT INTO supplies_secondary(tin_supplier,ean) VALUES(584454968,3993301519651);
INSERT INTO supplies_secondary(tin_supplier,ean) VALUES(434725465,2326705819312);
INSERT INTO supplies_secondary(tin_supplier,ean) VALUES(520010849,2326705819312);
INSERT INTO supplies_secondary(tin_supplier,ean) VALUES(669526283,2326705819312);
INSERT INTO supplies_secondary(tin_supplier,ean) VALUES(584454968,2326705819312);
INSERT INTO supplies_secondary(tin_supplier,ean) VALUES(216301733,2598978124083);
INSERT INTO supplies_secondary(tin_supplier,ean) VALUES(520010849,2598978124083);
INSERT INTO supplies_secondary(tin_supplier,ean) VALUES(584454968,2598978124083);
INSERT INTO supplies_secondary(tin_supplier,ean) VALUES(434725465,2598978124083);
INSERT INTO supplies_secondary(tin_supplier,ean) VALUES(520010849,2021169086338);
INSERT INTO supplies_secondary(tin_supplier,ean) VALUES(524152036,2021169086338);
INSERT INTO supplies_secondary(tin_supplier,ean) VALUES(584454968,2021169086338);
INSERT INTO supplies_secondary(tin_supplier,ean) VALUES(434725465,2021169086338);
INSERT INTO supplies_secondary(tin_supplier,ean) VALUES(216301733,2171633528594);
INSERT INTO supplies_secondary(tin_supplier,ean) VALUES(434725465,2171633528594);
INSERT INTO supplies_secondary(tin_supplier,ean) VALUES(520010849,2171633528594);
INSERT INTO supplies_secondary(tin_supplier,ean) VALUES(584454968,2171633528594);
INSERT INTO supplies_secondary(tin_supplier,ean) VALUES(584454968,1620278853404);
INSERT INTO supplies_secondary(tin_supplier,ean) VALUES(520010849,1620278853404);
INSERT INTO supplies_secondary(tin_supplier,ean) VALUES(669526283,1620278853404);
INSERT INTO supplies_secondary(tin_supplier,ean) VALUES(763188543,1620278853404);
INSERT INTO supplies_secondary(tin_supplier,ean) VALUES(186213081,2775278875712);
INSERT INTO supplies_secondary(tin_supplier,ean) VALUES(333022860,2775278875712);
INSERT INTO supplies_secondary(tin_supplier,ean) VALUES(446223691,2775278875712);
INSERT INTO supplies_secondary(tin_supplier,ean) VALUES(587408000,2775278875712);
INSERT INTO supplies_secondary(tin_supplier,ean) VALUES(911773089,2775278875712);
INSERT INTO supplies_secondary(tin_supplier,ean) VALUES(163089056,4472344340904);
INSERT INTO supplies_secondary(tin_supplier,ean) VALUES(186213081,4472344340904);
INSERT INTO supplies_secondary(tin_supplier,ean) VALUES(333022860,4472344340904);
INSERT INTO supplies_secondary(tin_supplier,ean) VALUES(948718012,4472344340904);
INSERT INTO supplies_secondary(tin_supplier,ean) VALUES(446223691,5041572817363);
INSERT INTO supplies_secondary(tin_supplier,ean) VALUES(587408000,5041572817363);
INSERT INTO supplies_secondary(tin_supplier,ean) VALUES(911773089,5041572817363);
INSERT INTO supplies_secondary(tin_supplier,ean) VALUES(948718012,5041572817363);
INSERT INTO supplies_secondary(tin_supplier,ean) VALUES(446223691,5649279270809);
INSERT INTO supplies_secondary(tin_supplier,ean) VALUES(587408000,5649279270809);
INSERT INTO supplies_secondary(tin_supplier,ean) VALUES(911773089,5649279270809);
INSERT INTO supplies_secondary(tin_supplier,ean) VALUES(948718012,5649279270809);
INSERT INTO supplies_secondary(tin_supplier,ean) VALUES(333022860,6787779552078);
INSERT INTO supplies_secondary(tin_supplier,ean) VALUES(446223691,6787779552078);
INSERT INTO supplies_secondary(tin_supplier,ean) VALUES(587408000,6787779552078);
INSERT INTO supplies_secondary(tin_supplier,ean) VALUES(911773089,6787779552078);
INSERT INTO supplies_secondary(tin_supplier,ean) VALUES(446223691,9540847188417);
INSERT INTO supplies_secondary(tin_supplier,ean) VALUES(587408000,9540847188417);
INSERT INTO supplies_secondary(tin_supplier,ean) VALUES(911773089,9540847188417);
INSERT INTO supplies_secondary(tin_supplier,ean) VALUES(948718012,9540847188417);
INSERT INTO supplies_secondary(tin_supplier,ean) VALUES(333022860,9794547371266);
INSERT INTO supplies_secondary(tin_supplier,ean) VALUES(446223691,9794547371266);
INSERT INTO supplies_secondary(tin_supplier,ean) VALUES(587408000,9794547371266);
INSERT INTO supplies_secondary(tin_supplier,ean) VALUES(911773089,9794547371266);
INSERT INTO supplies_secondary(tin_supplier,ean) VALUES(163089056,7590395737702);
INSERT INTO supplies_secondary(tin_supplier,ean) VALUES(186213081,7590395737702);
INSERT INTO supplies_secondary(tin_supplier,ean) VALUES(333022860,7590395737702);
INSERT INTO supplies_secondary(tin_supplier,ean) VALUES(948718012,7590395737702);
INSERT INTO supplies_secondary(tin_supplier,ean) VALUES(137664303,1033812197987);
INSERT INTO supplies_secondary(tin_supplier,ean) VALUES(163089056,1033812197987);
INSERT INTO supplies_secondary(tin_supplier,ean) VALUES(333022860,1033812197987);
INSERT INTO supplies_secondary(tin_supplier,ean) VALUES(137664303,5897709047971);
INSERT INTO supplies_secondary(tin_supplier,ean) VALUES(163089056,5897709047971);
INSERT INTO supplies_secondary(tin_supplier,ean) VALUES(333022860,5897709047971);
INSERT INTO supplies_secondary(tin_supplier,ean) VALUES(264199848,1831402193991);
INSERT INTO supplies_secondary(tin_supplier,ean) VALUES(446223691,1831402193991);
INSERT INTO supplies_secondary(tin_supplier,ean) VALUES(587408000,1831402193991);
INSERT INTO supplies_secondary(tin_supplier,ean) VALUES(911773089,1831402193991);
INSERT INTO supplies_secondary(tin_supplier,ean) VALUES(264199848,2347308386663);
INSERT INTO supplies_secondary(tin_supplier,ean) VALUES(345192460,2347308386663);
INSERT INTO supplies_secondary(tin_supplier,ean) VALUES(345192461,2347308386663);
INSERT INTO supplies_secondary(tin_supplier,ean) VALUES(446223691,2347308386663);
INSERT INTO supplies_secondary(tin_supplier,ean) VALUES(264199848,2905304741768);
INSERT INTO supplies_secondary(tin_supplier,ean) VALUES(446223691,2905304741768);
INSERT INTO supplies_secondary(tin_supplier,ean) VALUES(587408000,2905304741768);
INSERT INTO supplies_secondary(tin_supplier,ean) VALUES(911773089,2905304741768);
INSERT INTO supplies_secondary(tin_supplier,ean) VALUES(264199848,6599950190663);
INSERT INTO supplies_secondary(tin_supplier,ean) VALUES(446223691,6599950190663);
INSERT INTO supplies_secondary(tin_supplier,ean) VALUES(587408000,6599950190663);
INSERT INTO supplies_secondary(tin_supplier,ean) VALUES(911773089,6599950190663);
INSERT INTO supplies_secondary(tin_supplier,ean) VALUES(345192461,6779330254997);
INSERT INTO supplies_secondary(tin_supplier,ean) VALUES(446223691,6779330254997);
INSERT INTO supplies_secondary(tin_supplier,ean) VALUES(587408000,6779330254997);
INSERT INTO supplies_secondary(tin_supplier,ean) VALUES(911773089,6779330254997);
INSERT INTO supplies_secondary(tin_supplier,ean) VALUES(264199848,7086898336570);
INSERT INTO supplies_secondary(tin_supplier,ean) VALUES(446223691,7086898336570);
INSERT INTO supplies_secondary(tin_supplier,ean) VALUES(587408000,7086898336570);
INSERT INTO supplies_secondary(tin_supplier,ean) VALUES(911773089,7086898336570);
INSERT INTO supplies_secondary(tin_supplier,ean) VALUES(264199848,7466365698490);
INSERT INTO supplies_secondary(tin_supplier,ean) VALUES(446223691,7466365698490);
INSERT INTO supplies_secondary(tin_supplier,ean) VALUES(587408000,7466365698490);
INSERT INTO supplies_secondary(tin_supplier,ean) VALUES(911773089,7466365698490);
INSERT INTO supplies_secondary(tin_supplier,ean) VALUES(264199848,8028202977135);
INSERT INTO supplies_secondary(tin_supplier,ean) VALUES(446223691,8028202977135);
INSERT INTO supplies_secondary(tin_supplier,ean) VALUES(587408000,8028202977135);
INSERT INTO supplies_secondary(tin_supplier,ean) VALUES(911773089,8028202977135);
INSERT INTO supplies_secondary(tin_supplier,ean) VALUES(345192461,8331820323633);
INSERT INTO supplies_secondary(tin_supplier,ean) VALUES(446223691,8331820323633);
INSERT INTO supplies_secondary(tin_supplier,ean) VALUES(587408000,8331820323633);
INSERT INTO supplies_secondary(tin_supplier,ean) VALUES(911773089,8331820323633);
INSERT INTO supplies_secondary(tin_supplier,ean) VALUES(264199848,8332960719563);
INSERT INTO supplies_secondary(tin_supplier,ean) VALUES(446223691,8332960719563);
INSERT INTO supplies_secondary(tin_supplier,ean) VALUES(587408000,8332960719563);
INSERT INTO supplies_secondary(tin_supplier,ean) VALUES(911773089,8332960719563);
INSERT INTO supplies_secondary(tin_supplier,ean) VALUES(514927202,1438020781957);
INSERT INTO supplies_secondary(tin_supplier,ean) VALUES(573383508,1438020781957);
INSERT INTO supplies_secondary(tin_supplier,ean) VALUES(606590422,1438020781957);
INSERT INTO supplies_secondary(tin_supplier,ean) VALUES(514927202,3682940166210);
INSERT INTO supplies_secondary(tin_supplier,ean) VALUES(606590422,3682940166210);
INSERT INTO supplies_secondary(tin_supplier,ean) VALUES(606590422,2235599916326);
INSERT INTO supplies_secondary(tin_supplier,ean) VALUES(514927202,2235599916326);
INSERT INTO supplies_secondary(tin_supplier,ean) VALUES(573383508,2235599916326);
INSERT INTO supplies_secondary(tin_supplier,ean) VALUES(264199848,4394464509965);
INSERT INTO supplies_secondary(tin_supplier,ean) VALUES(264199848,4696807100638);
INSERT INTO supplies_secondary(tin_supplier,ean) VALUES(751316097,3204201800799);
INSERT INTO supplies_secondary(tin_supplier,ean) VALUES(213887795,3204201800799);
INSERT INTO supplies_secondary(tin_supplier,ean) VALUES(606590422,1998805159679);
INSERT INTO supplies_secondary(tin_supplier,ean) VALUES(783297376,1998805159679);
INSERT INTO supplies_secondary(tin_supplier,ean) VALUES(514927202,2614571882084);
INSERT INTO supplies_secondary(tin_supplier,ean) VALUES(783297376,2614571882084);
INSERT INTO supplies_secondary(tin_supplier,ean) VALUES(430283141,6290051946490);
INSERT INTO supplies_secondary(tin_supplier,ean) VALUES(729569179,6290051946490);
INSERT INTO supplies_secondary(tin_supplier,ean) VALUES(488572724,2954027912075);
INSERT INTO supplies_secondary(tin_supplier,ean) VALUES(917353185,4749886260506);
INSERT INTO supplies_secondary(tin_supplier,ean) VALUES(488572724,4749886260506);
INSERT INTO supplies_secondary(tin_supplier,ean) VALUES(488572724,4466304907161);
INSERT INTO supplies_secondary(tin_supplier,ean) VALUES(917353185,4466304907161);
INSERT INTO supplies_secondary(tin_supplier,ean) VALUES(488572724,4926396298131);
INSERT INTO supplies_secondary(tin_supplier,ean) VALUES(917353185,4926396298131);
INSERT INTO supplies_secondary(tin_supplier,ean) VALUES(488572724,4421900858217);
INSERT INTO supplies_secondary(tin_supplier,ean) VALUES(917353185,4421900858217);
INSERT INTO supplies_secondary(tin_supplier,ean) VALUES(865593672,5209541332186);
INSERT INTO supplies_secondary(tin_supplier,ean) VALUES(865593672,7968852118766);
INSERT INTO supplies_secondary(tin_supplier,ean) VALUES(865593672,9378608460294);
INSERT INTO supplies_secondary(tin_supplier,ean)VALUES(613489542,1200189215948);
INSERT INTO supplies_secondary(tin_supplier,ean)VALUES(480172325,1898436732927);
INSERT INTO supplies_secondary(tin_supplier,ean)VALUES(488572724,1915335660664);
INSERT INTO supplies_secondary(tin_supplier,ean)VALUES(345192460,1975104584130);
INSERT INTO supplies_secondary(tin_supplier,ean)VALUES(452760212,1993326789948);
INSERT INTO supplies_secondary(tin_supplier,ean)VALUES(452760212,2215267379502);
INSERT INTO supplies_secondary(tin_supplier,ean)VALUES(452760212,3975117404563);
INSERT INTO supplies_secondary(tin_supplier,ean)VALUES(917353185,4455171629557);
INSERT INTO supplies_secondary(tin_supplier,ean)VALUES(446223691,5351038958529);
INSERT INTO supplies_secondary(tin_supplier,ean)VALUES(613489542,6374953628189);
INSERT INTO supplies_secondary(tin_supplier,ean)VALUES(488572724,6560179708456);
INSERT INTO supplies_secondary(tin_supplier,ean)VALUES(613489542,7147512311196);
INSERT INTO supplies_secondary(tin_supplier,ean)VALUES(452760212,8032029464261);
INSERT INTO supplies_secondary(tin_supplier,ean)VALUES(948718012,8032391464342);
INSERT INTO supplies_secondary(tin_supplier,ean)VALUES(613489542,8304616409516);
INSERT INTO supplies_secondary(tin_supplier,ean)VALUES(446223691,8304871945419);
INSERT INTO supplies_secondary(tin_supplier,ean)VALUES(524152036,8417200675086);
INSERT INTO supplies_secondary(tin_supplier,ean)VALUES(488572724,8493044518258);
INSERT INTO supplies_secondary(tin_supplier,ean)VALUES(613489542,8665850791230);
INSERT INTO supplies_secondary(tin_supplier,ean)VALUES(452760212,9211043768432);
INSERT INTO supplies_secondary(tin_supplier,ean)VALUES(488572724,9962909186898);
INSERT INTO supplies_secondary(tin_supplier,ean)VALUES(373981013,1200189215948);
INSERT INTO supplies_secondary(tin_supplier,ean)VALUES(452760212,1898436732927);
INSERT INTO supplies_secondary(tin_supplier,ean)VALUES(102131044,1915335660664);
INSERT INTO supplies_secondary(tin_supplier,ean)VALUES(911773089,1975104584130);
INSERT INTO supplies_secondary(tin_supplier,ean)VALUES(999152869,1993326789948);
INSERT INTO supplies_secondary(tin_supplier,ean)VALUES(999152869,2215267379502);
INSERT INTO supplies_secondary(tin_supplier,ean)VALUES(483712005,3975117404563);
INSERT INTO supplies_secondary(tin_supplier,ean)VALUES(488572724,4455171629557);
INSERT INTO supplies_secondary(tin_supplier,ean)VALUES(452760212,5351038958529);
INSERT INTO supplies_secondary(tin_supplier,ean)VALUES(373981013,6374953628189);
INSERT INTO supplies_secondary(tin_supplier,ean)VALUES(102131044,6560179708456);
INSERT INTO supplies_secondary(tin_supplier,ean)VALUES(729569179,7147512311196);
INSERT INTO supplies_secondary(tin_supplier,ean)VALUES(446223691,8032029464261);
INSERT INTO supplies_secondary(tin_supplier,ean)VALUES(446223691,8032391464342);
INSERT INTO supplies_secondary(tin_supplier,ean)VALUES(712903054,8304616409516);
INSERT INTO supplies_secondary(tin_supplier,ean)VALUES(452760212,8304871945419);
INSERT INTO supplies_secondary(tin_supplier,ean)VALUES(216301733,8417200675086);
INSERT INTO supplies_secondary(tin_supplier,ean)VALUES(102131044,8493044518258);
INSERT INTO supplies_secondary(tin_supplier,ean)VALUES(712903054,8665850791230);
INSERT INTO supplies_secondary(tin_supplier,ean)VALUES(999152869,9211043768432);
INSERT INTO supplies_secondary(tin_supplier,ean)VALUES(102131044,9962909186898);


-----------------------------  Category ----------------------------------------

INSERT INTO category(name) VALUES('Fruta');
INSERT INTO category(name) VALUES('Cereais');
INSERT INTO category(name) VALUES('Carne de peru');
INSERT INTO category(name) VALUES('Cerveja');
INSERT INTO category(name) VALUES('Vegetais');
INSERT INTO category(name) VALUES('Molusco congelado');
INSERT INTO category(name) VALUES('Equipamentos');
INSERT INTO category(name) VALUES('Vegetais enlatados');
INSERT INTO category(name) VALUES('Carne de vaca');
INSERT INTO category(name) VALUES('Frutos secos');
INSERT INTO category(name) VALUES('Salsichas');
INSERT INTO category(name) VALUES('Panados');
INSERT INTO category(name) VALUES('Vinho branco');
INSERT INTO category(name) VALUES('Peixe fresco');
INSERT INTO category(name) VALUES('Pantufas');
INSERT INTO category(name) VALUES('Acessorios de arbitragem');
INSERT INTO category(name) VALUES('Vinho tinto');
INSERT INTO category(name) VALUES('Camisolas desportivas');
INSERT INTO category(name) VALUES('Batatas fritas');
INSERT INTO category(name) VALUES('Refeicoes congeladas');
INSERT INTO category(name) VALUES('Roupa infantil');
INSERT INTO category(name) VALUES('Peixe congelado');
INSERT INTO category(name) VALUES('Marisco congelado');
INSERT INTO category(name) VALUES('Bolacha');
INSERT INTO category(name) VALUES('Pipocas');
INSERT INTO category(name) VALUES('Pizza congelada');
INSERT INTO category(name) VALUES('Refeicoes prontas congeladas');
INSERT INTO category(name) VALUES('Cafe');
INSERT INTO category(name) VALUES('Feijao enlatado');
INSERT INTO category(name) VALUES('Carne de frango');
INSERT INTO category(name) VALUES('Massa');
INSERT INTO category(name) VALUES('Gelado');
INSERT INTO category(name) VALUES('Arroz');
INSERT INTO category(name) VALUES('Snacks');
INSERT INTO category(name) VALUES('Refrigerante');
INSERT INTO category(name) VALUES('Pijamas');
INSERT INTO category(name) VALUES('Vegetais congelados');
INSERT INTO category(name) VALUES('Chuteiras');
INSERT INTO category(name) VALUES('Ervas aromaticas');
INSERT INTO category(name) VALUES('Chocolate');
INSERT INTO category(name) VALUES('Peixe enlatado');
INSERT INTO category(name) VALUES('Agua');
INSERT INTO category(name) VALUES('Roupoes');
INSERT INTO category(name) VALUES('Carne de borrego');
INSERT INTO category(name) VALUES('Enlatados');
INSERT INTO category(name) VALUES('Carne');
INSERT INTO category(name) VALUES('Bebidas');
INSERT INTO category(name) VALUES('Congelados');
INSERT INTO category(name) VALUES('Roupa');
INSERT INTO category(name) VALUES('Roupa desportiva');
INSERT INTO category(name) VALUES('Produtos frescos');
INSERT INTO category(name) VALUES('Mercearia');
INSERT INTO category(name) VALUES('Aves');
INSERT INTO category(name) VALUES('Bebidas alcoolicas');
INSERT INTO category(name) VALUES('Carnes vermelhas');
INSERT INTO category(name) VALUES('Vinhos');
INSERT INTO category(name) VALUES('Peixaria');
INSERT INTO category(name) VALUES('Calcado');
INSERT INTO category(name) VALUES('Acessorios');
INSERT INTO category(name) VALUES('Bebidas energeticas');
INSERT INTO category(name) VALUES('Calcado desportivo');
INSERT INTO category(name) VALUES('Refrigerados');


----------------- Simple Category ----------------------

INSERT INTO simple_category(name) VALUES('Fruta');
INSERT INTO simple_category(name) VALUES('Cereais');
INSERT INTO simple_category(name) VALUES('Carne de peru');
INSERT INTO simple_category(name) VALUES('Cerveja');
INSERT INTO simple_category(name) VALUES('Molusco congelado');
INSERT INTO simple_category(name) VALUES('Equipamentos');
INSERT INTO simple_category(name) VALUES('Vegetais enlatados');
INSERT INTO simple_category(name) VALUES('Carne de vaca');
INSERT INTO simple_category(name) VALUES('Frutos secos');
INSERT INTO simple_category(name) VALUES('Salsichas');
INSERT INTO simple_category(name) VALUES('Panados');
INSERT INTO simple_category(name) VALUES('Vinho branco');
INSERT INTO simple_category(name) VALUES('Peixe fresco');
INSERT INTO simple_category(name) VALUES('Pantufas');
INSERT INTO simple_category(name) VALUES('Acessorios de arbitragem');
INSERT INTO simple_category(name) VALUES('Vinho tinto');
INSERT INTO simple_category(name) VALUES('Camisolas desportivas');
INSERT INTO simple_category(name) VALUES('Batatas fritas');
INSERT INTO simple_category(name) VALUES('Roupa infantil');
INSERT INTO simple_category(name) VALUES('Peixe congelado');
INSERT INTO simple_category(name) VALUES('Marisco congelado');
INSERT INTO simple_category(name) VALUES('Bolacha');
INSERT INTO simple_category(name) VALUES('Pipocas');
INSERT INTO simple_category(name) VALUES('Pizza congelada');
INSERT INTO simple_category(name) VALUES('Cafe');
INSERT INTO simple_category(name) VALUES('Feijao enlatado');
INSERT INTO simple_category(name) VALUES('Carne de frango');
INSERT INTO simple_category(name) VALUES('Massa');
INSERT INTO simple_category(name) VALUES('Gelado');
INSERT INTO simple_category(name) VALUES('Arroz');
INSERT INTO simple_category(name) VALUES('Refrigerante');
INSERT INTO simple_category(name) VALUES('Pijamas');
INSERT INTO simple_category(name) VALUES('Vegetais congelados');
INSERT INTO simple_category(name) VALUES('Chuteiras');
INSERT INTO simple_category(name) VALUES('Ervas aromaticas');
INSERT INTO simple_category(name) VALUES('Chocolate');
INSERT INTO simple_category(name) VALUES('Peixe enlatado');
INSERT INTO simple_category(name) VALUES('Agua');
INSERT INTO simple_category(name) VALUES('Roupoes');
INSERT INTO simple_category(name) VALUES('Carne de borrego');


---------------- Super_Category ------------------------------------ 

INSERT INTO super_category(name) VALUES('Produtos frescos');
INSERT INTO super_category(name) VALUES('Mercearia');
INSERT INTO super_category(name) VALUES('Aves');
INSERT INTO super_category(name) VALUES('Carne');
INSERT INTO super_category(name) VALUES('Bebidas alcoolicas');
INSERT INTO super_category(name) VALUES('Bebidas');
INSERT INTO super_category(name) VALUES('Congelados');
INSERT INTO super_category(name) VALUES('Roupa desportiva');
INSERT INTO super_category(name) VALUES('Roupa');
INSERT INTO super_category(name) VALUES('Enlatados');
INSERT INTO super_category(name) VALUES('Vegetais');
INSERT INTO super_category(name) VALUES('Carnes vermelhas');
INSERT INTO super_category(name) VALUES('Snacks');
INSERT INTO super_category(name) VALUES('Refeicoes congeladas');
INSERT INTO super_category(name) VALUES('Vinhos');
INSERT INTO super_category(name) VALUES('Peixaria');
INSERT INTO super_category(name) VALUES('Calcado');
INSERT INTO super_category(name) VALUES('Acessorios');
INSERT INTO super_category(name) VALUES('Refeicoes prontas congeladas');
INSERT INTO super_category(name) VALUES('Bebidas energeticas');
INSERT INTO super_category(name) VALUES('Calcado desportivo');
INSERT INTO super_category(name) VALUES('Refrigerados');


------------------------ Made Up ------------------------------------------

INSERT INTO made_up(name_super, name_sub) VALUES('Produtos frescos', 'Fruta');
INSERT INTO made_up(name_super, name_sub) VALUES('Mercearia', 'Cereais');
INSERT INTO made_up(name_super, name_sub) VALUES('Aves', 'Carne de peru');
INSERT INTO made_up(name_super, name_sub) VALUES('Carne', 'Aves');
INSERT INTO made_up(name_super, name_sub) VALUES('Bebidas alcoolicas', 'Cerveja');
INSERT INTO made_up(name_super, name_sub) VALUES('Bebidas', 'Bebidas alcoolicas');
INSERT INTO made_up(name_super, name_sub) VALUES('Produtos frescos', 'Vegetais');
INSERT INTO made_up(name_super, name_sub) VALUES('Congelados', 'Molusco congelado');
INSERT INTO made_up(name_super, name_sub) VALUES('Roupa desportiva', 'Equipamentos');
INSERT INTO made_up(name_super, name_sub) VALUES('Roupa', 'Roupa desportiva');
INSERT INTO made_up(name_super, name_sub) VALUES('Enlatados', 'Vegetais enlatados');
INSERT INTO made_up(name_super, name_sub) VALUES('Vegetais', 'Vegetais enlatados');
INSERT INTO made_up(name_super, name_sub) VALUES('Carnes vermelhas', 'Carne de vaca');
INSERT INTO made_up(name_super, name_sub) VALUES('Carne', 'Carnes vermelhas');
INSERT INTO made_up(name_super, name_sub) VALUES('Snacks', 'Frutos secos');
INSERT INTO made_up(name_super, name_sub) VALUES('Mercearia', 'Snacks');
INSERT INTO made_up(name_super, name_sub) VALUES('Enlatados', 'Salsichas');
INSERT INTO made_up(name_super, name_sub) VALUES('Refeicoes congeladas', 'Panados');
INSERT INTO made_up(name_super, name_sub) VALUES('Congelados', 'Refeicoes congeladas');
INSERT INTO made_up(name_super, name_sub) VALUES('Vinhos', 'Vinho branco');
INSERT INTO made_up(name_super, name_sub) VALUES('Bebidas alcoolicas', 'Vinhos');
INSERT INTO made_up(name_super, name_sub) VALUES('Peixaria', 'Peixe fresco');
INSERT INTO made_up(name_super, name_sub) VALUES('Calcado', 'Pantufas');
INSERT INTO made_up(name_super, name_sub) VALUES('Roupa', 'Calcado');
INSERT INTO made_up(name_super, name_sub) VALUES('Acessorios', 'Acessorios de arbitragem');
INSERT INTO made_up(name_super, name_sub) VALUES('Vinhos', 'Vinho tinto');
INSERT INTO made_up(name_super, name_sub) VALUES('Roupa desportiva', 'Camisolas desportivas');
INSERT INTO made_up(name_super, name_sub) VALUES('Snacks', 'Batatas fritas');
INSERT INTO made_up(name_super, name_sub) VALUES('Congelados', 'Marisco congelado');
INSERT INTO made_up(name_super, name_sub) VALUES('Mercearia', 'Bolacha');
INSERT INTO made_up(name_super, name_sub) VALUES('Snacks', 'Pipocas');
INSERT INTO made_up(name_super, name_sub) VALUES('Refeicoes prontas congeladas', 'Pizza congelada');
INSERT INTO made_up(name_super, name_sub) VALUES('Refeicoes congeladas', 'Refeicoes prontas congeladas');
INSERT INTO made_up(name_super, name_sub) VALUES('Bebidas energeticas', 'Cafe');
INSERT INTO made_up(name_super, name_sub) VALUES('Bebidas', 'Bebidas energeticas');
INSERT INTO made_up(name_super, name_sub) VALUES('Enlatados', 'Feijao enlatado');
INSERT INTO made_up(name_super, name_sub) VALUES('Aves', 'Carne de frango');
INSERT INTO made_up(name_super, name_sub) VALUES('Mercearia', 'Massa');
INSERT INTO made_up(name_super, name_sub) VALUES('Congelados', 'Gelado');
INSERT INTO made_up(name_super, name_sub) VALUES('Mercearia', 'Arroz');
INSERT INTO made_up(name_super, name_sub) VALUES('Bebidas', 'Refrigerante');
INSERT INTO made_up(name_super, name_sub) VALUES('Roupa', 'Pijamas');
INSERT INTO made_up(name_super, name_sub) VALUES('Refeicoes prontas congeladas', 'Vegetais congelados');
INSERT INTO made_up(name_super, name_sub) VALUES('Vegetais', 'Vegetais congelados');
INSERT INTO made_up(name_super, name_sub) VALUES('Calcado desportivo', 'Chuteiras');
INSERT INTO made_up(name_super, name_sub) VALUES('Calcado', 'Calcado desportivo');
INSERT INTO made_up(name_super, name_sub) VALUES('Refrigerados', 'Ervas aromaticas');
INSERT INTO made_up(name_super, name_sub) VALUES('Congelados', 'Peixe congelado');
INSERT INTO made_up(name_super, name_sub) VALUES('Bebidas', 'Agua');
INSERT INTO made_up(name_super, name_sub) VALUES('Roupa', 'Roupoes');
INSERT INTO made_up(name_super, name_sub) VALUES('Carnes vermelhas', 'Carne de borrego');
INSERT INTO made_up(name_super, name_sub) VALUES('Enlatados', 'Peixe enlatado');
INSERT INTO made_up(name_super, name_sub) VALUES('Refrigerados', 'Carne');
INSERT INTO made_up(name_super, name_sub) VALUES('Refrigerados', 'Peixaria');


------------------------- Planogram ----------------------------------

INSERT INTO planogram(tin_supermarket,number_corridor,height,side,ean,number_units,location_number,number_visible_fronts) VALUES(222587995,1,'Floor','Left',8777969777596,13,1,7);
INSERT INTO planogram(tin_supermarket,number_corridor,height,side,ean,number_units,location_number,number_visible_fronts) VALUES(222587995,1,'Medium','Right',1438020781957,11,1,6);
INSERT INTO planogram(tin_supermarket,number_corridor,height,side,ean,number_units,location_number,number_visible_fronts) VALUES(222587995,1,'Upper','Left',2474243297039,14,1,7);
INSERT INTO planogram(tin_supermarket,number_corridor,height,side,ean,number_units,location_number,number_visible_fronts) VALUES(222587995,1,'Floor','Right',9017155999629,24,1,12);
INSERT INTO planogram(tin_supermarket,number_corridor,height,side,ean,number_units,location_number,number_visible_fronts) VALUES(222587995,1,'Medium','Left',4394464509965,25,1,13);
INSERT INTO planogram(tin_supermarket,number_corridor,height,side,ean,number_units,location_number,number_visible_fronts) VALUES(222587995,1,'Upper','Right',4455171629557,23,1,12);
INSERT INTO planogram(tin_supermarket,number_corridor,height,side,ean,number_units,location_number,number_visible_fronts) VALUES(222587995,2,'Floor','Left',4696807100638,16,1,8);
INSERT INTO planogram(tin_supermarket,number_corridor,height,side,ean,number_units,location_number,number_visible_fronts) VALUES(222587995,2,'Medium','Right',4086474893907,12,1,6);
INSERT INTO planogram(tin_supermarket,number_corridor,height,side,ean,number_units,location_number,number_visible_fronts) VALUES(222587995,2,'Upper','Left',4792518572144,20,1,10);
INSERT INTO planogram(tin_supermarket,number_corridor,height,side,ean,number_units,location_number,number_visible_fronts) VALUES(222587995,2,'Floor','Right',4077376845819,25,1,13);
INSERT INTO planogram(tin_supermarket,number_corridor,height,side,ean,number_units,location_number,number_visible_fronts) VALUES(222587995,2,'Medium','Left',6843631784295,11,1,6);
INSERT INTO planogram(tin_supermarket,number_corridor,height,side,ean,number_units,location_number,number_visible_fronts) VALUES(222587995,2,'Upper','Right',2235599916326,16,1,8);
INSERT INTO planogram(tin_supermarket,number_corridor,height,side,ean,number_units,location_number,number_visible_fronts) VALUES(222587995,3,'Floor','Left',1029859355932,12,1,6);
INSERT INTO planogram(tin_supermarket,number_corridor,height,side,ean,number_units,location_number,number_visible_fronts) VALUES(222587995,3,'Medium','Right',1033812197987,22,1,11);
INSERT INTO planogram(tin_supermarket,number_corridor,height,side,ean,number_units,location_number,number_visible_fronts) VALUES(222587995,3,'Upper','Left',1200189215948,11,1,6);
INSERT INTO planogram(tin_supermarket,number_corridor,height,side,ean,number_units,location_number,number_visible_fronts) VALUES(222587995,3,'Floor','Right',1620278853404,16,1,8);
INSERT INTO planogram(tin_supermarket,number_corridor,height,side,ean,number_units,location_number,number_visible_fronts) VALUES(222587995,3,'Medium','Left',1710842410143,15,1,8);
INSERT INTO planogram(tin_supermarket,number_corridor,height,side,ean,number_units,location_number,number_visible_fronts) VALUES(222587995,3,'Upper','Right',1831402193991,19,1,10);
INSERT INTO planogram(tin_supermarket,number_corridor,height,side,ean,number_units,location_number,number_visible_fronts) VALUES(222587995,4,'Floor','Left',1897462287188,19,1,10);
INSERT INTO planogram(tin_supermarket,number_corridor,height,side,ean,number_units,location_number,number_visible_fronts) VALUES(222587995,4,'Medium','Right',1898436732927,13,1,7);
INSERT INTO planogram(tin_supermarket,number_corridor,height,side,ean,number_units,location_number,number_visible_fronts) VALUES(222587995,4,'Upper','Left',1993326789948,21,1,11);
INSERT INTO planogram(tin_supermarket,number_corridor,height,side,ean,number_units,location_number,number_visible_fronts) VALUES(222587995,4,'Floor','Right',2021169086338,20,1,10);
INSERT INTO planogram(tin_supermarket,number_corridor,height,side,ean,number_units,location_number,number_visible_fronts) VALUES(222587995,4,'Medium','Left',2171633528594,19,1,10);
INSERT INTO planogram(tin_supermarket,number_corridor,height,side,ean,number_units,location_number,number_visible_fronts) VALUES(222587995,4,'Upper','Right',2215267379502,22,1,11);
INSERT INTO planogram(tin_supermarket,number_corridor,height,side,ean,number_units,location_number,number_visible_fronts) VALUES(222587995,5,'Floor','Left',2326705819312,16,1,8);
INSERT INTO planogram(tin_supermarket,number_corridor,height,side,ean,number_units,location_number,number_visible_fronts) VALUES(222587995,5,'Medium','Right',2347308386663,12,1,6);
INSERT INTO planogram(tin_supermarket,number_corridor,height,side,ean,number_units,location_number,number_visible_fronts) VALUES(222587995,5,'Upper','Left',2598978124083,16,1,8);
INSERT INTO planogram(tin_supermarket,number_corridor,height,side,ean,number_units,location_number,number_visible_fronts) VALUES(222587995,5,'Floor','Right',2695399667872,12,1,6);
INSERT INTO planogram(tin_supermarket,number_corridor,height,side,ean,number_units,location_number,number_visible_fronts) VALUES(222587995,5,'Medium','Left',2775278875712,15,1,8);
INSERT INTO planogram(tin_supermarket,number_corridor,height,side,ean,number_units,location_number,number_visible_fronts) VALUES(222587995,5,'Upper','Right',2783906341922,24,1,12);
INSERT INTO planogram(tin_supermarket,number_corridor,height,side,ean,number_units,location_number,number_visible_fronts) VALUES(222587995,6,'Floor','Left',2861981972568,12,1,6);
INSERT INTO planogram(tin_supermarket,number_corridor,height,side,ean,number_units,location_number,number_visible_fronts) VALUES(222587995,6,'Medium','Right',2905304741768,21,1,11);
INSERT INTO planogram(tin_supermarket,number_corridor,height,side,ean,number_units,location_number,number_visible_fronts) VALUES(222587995,6,'Upper','Left',3204201800799,24,1,12);
INSERT INTO planogram(tin_supermarket,number_corridor,height,side,ean,number_units,location_number,number_visible_fronts) VALUES(222587995,6,'Floor','Right',3627582311797,23,1,12);
INSERT INTO planogram(tin_supermarket,number_corridor,height,side,ean,number_units,location_number,number_visible_fronts) VALUES(222587995,6,'Medium','Left',3766679083978,19,1,10);
INSERT INTO planogram(tin_supermarket,number_corridor,height,side,ean,number_units,location_number,number_visible_fronts) VALUES(222587995,6,'Upper','Right',3796333237114,14,1,7);
INSERT INTO planogram(tin_supermarket,number_corridor,height,side,ean,number_units,location_number,number_visible_fronts) VALUES(222587995,1,'Floor','Left',6871370466461,24,2,12);
INSERT INTO planogram(tin_supermarket,number_corridor,height,side,ean,number_units,location_number,number_visible_fronts) VALUES(222587995,1,'Medium','Right',2758806285794,16,2,8);
INSERT INTO planogram(tin_supermarket,number_corridor,height,side,ean,number_units,location_number,number_visible_fronts) VALUES(222587995,1,'Upper','Left',2614571882084,19,2,10);
INSERT INTO planogram(tin_supermarket,number_corridor,height,side,ean,number_units,location_number,number_visible_fronts) VALUES(222587995,1,'Floor','Right',2954027912075,18,2,9);
INSERT INTO planogram(tin_supermarket,number_corridor,height,side,ean,number_units,location_number,number_visible_fronts) VALUES(222587995,1,'Medium','Left',4749886260506,18,2,9);
INSERT INTO planogram(tin_supermarket,number_corridor,height,side,ean,number_units,location_number,number_visible_fronts) VALUES(222587995,1,'Upper','Right',5449806392844,21,2,11);
INSERT INTO planogram(tin_supermarket,number_corridor,height,side,ean,number_units,location_number,number_visible_fronts) VALUES(222587995,2,'Floor','Left',6560179708456,24,2,12);
INSERT INTO planogram(tin_supermarket,number_corridor,height,side,ean,number_units,location_number,number_visible_fronts) VALUES(222587995,2,'Medium','Right',1063571155746,17,2,9);
INSERT INTO planogram(tin_supermarket,number_corridor,height,side,ean,number_units,location_number,number_visible_fronts) VALUES(222587995,2,'Upper','Left',4102573176025,11,2,6);
INSERT INTO planogram(tin_supermarket,number_corridor,height,side,ean,number_units,location_number,number_visible_fronts) VALUES(222587995,2,'Floor','Right',5423524870098,25,2,13);
INSERT INTO planogram(tin_supermarket,number_corridor,height,side,ean,number_units,location_number,number_visible_fronts) VALUES(222587995,2,'Medium','Left',2657891059022,15,2,8);
INSERT INTO planogram(tin_supermarket,number_corridor,height,side,ean,number_units,location_number,number_visible_fronts) VALUES(222587995,2,'Upper','Right',1167917673881,14,2,7);
INSERT INTO planogram(tin_supermarket,number_corridor,height,side,ean,number_units,location_number,number_visible_fronts) VALUES(222587995,3,'Floor','Left',3831364723577,16,2,8);
INSERT INTO planogram(tin_supermarket,number_corridor,height,side,ean,number_units,location_number,number_visible_fronts) VALUES(222587995,3,'Medium','Right',3942519040027,13,2,7);
INSERT INTO planogram(tin_supermarket,number_corridor,height,side,ean,number_units,location_number,number_visible_fronts) VALUES(222587995,3,'Upper','Left',3975117404563,10,2,5);
INSERT INTO planogram(tin_supermarket,number_corridor,height,side,ean,number_units,location_number,number_visible_fronts) VALUES(222587995,3,'Floor','Right',3993301519651,23,2,12);
INSERT INTO planogram(tin_supermarket,number_corridor,height,side,ean,number_units,location_number,number_visible_fronts) VALUES(222587995,3,'Medium','Left',4421900858217,18,2,9);
INSERT INTO planogram(tin_supermarket,number_corridor,height,side,ean,number_units,location_number,number_visible_fronts) VALUES(222587995,3,'Upper','Right',4466304907161,15,2,8);
INSERT INTO planogram(tin_supermarket,number_corridor,height,side,ean,number_units,location_number,number_visible_fronts) VALUES(222587995,4,'Floor','Left',4472344340904,22,2,11);
INSERT INTO planogram(tin_supermarket,number_corridor,height,side,ean,number_units,location_number,number_visible_fronts) VALUES(222587995,4,'Medium','Right',4729336180748,13,2,7);
INSERT INTO planogram(tin_supermarket,number_corridor,height,side,ean,number_units,location_number,number_visible_fronts) VALUES(222587995,4,'Upper','Left',4750508730343,16,2,8);
INSERT INTO planogram(tin_supermarket,number_corridor,height,side,ean,number_units,location_number,number_visible_fronts) VALUES(222587995,4,'Floor','Right',4792518572144,17,2,9);
INSERT INTO planogram(tin_supermarket,number_corridor,height,side,ean,number_units,location_number,number_visible_fronts) VALUES(222587995,4,'Medium','Left',4926396298131,20,2,10);
INSERT INTO planogram(tin_supermarket,number_corridor,height,side,ean,number_units,location_number,number_visible_fronts) VALUES(222587995,4,'Upper','Right',5041572817363,22,2,11);
INSERT INTO planogram(tin_supermarket,number_corridor,height,side,ean,number_units,location_number,number_visible_fronts) VALUES(222587995,5,'Floor','Left',5163880310407,15,2,8);
INSERT INTO planogram(tin_supermarket,number_corridor,height,side,ean,number_units,location_number,number_visible_fronts) VALUES(222587995,5,'Medium','Right',5209541332186,21,2,11);
INSERT INTO planogram(tin_supermarket,number_corridor,height,side,ean,number_units,location_number,number_visible_fronts) VALUES(222587995,5,'Upper','Left',5649279270809,22,2,11);
INSERT INTO planogram(tin_supermarket,number_corridor,height,side,ean,number_units,location_number,number_visible_fronts) VALUES(222587995,5,'Floor','Right',5897709047971,12,2,6);
INSERT INTO planogram(tin_supermarket,number_corridor,height,side,ean,number_units,location_number,number_visible_fronts) VALUES(222587995,5,'Medium','Left',5979557546142,17,2,9);
INSERT INTO planogram(tin_supermarket,number_corridor,height,side,ean,number_units,location_number,number_visible_fronts) VALUES(222587995,5,'Upper','Right',6094715825110,13,2,7);
INSERT INTO planogram(tin_supermarket,number_corridor,height,side,ean,number_units,location_number,number_visible_fronts) VALUES(222587995,6,'Floor','Left',6290051946490,24,2,12);
INSERT INTO planogram(tin_supermarket,number_corridor,height,side,ean,number_units,location_number,number_visible_fronts) VALUES(222587995,6,'Medium','Right',6374953628189,18,2,9);
INSERT INTO planogram(tin_supermarket,number_corridor,height,side,ean,number_units,location_number,number_visible_fronts) VALUES(222587995,6,'Upper','Left',6599950190663,23,2,12);
INSERT INTO planogram(tin_supermarket,number_corridor,height,side,ean,number_units,location_number,number_visible_fronts) VALUES(222587995,6,'Floor','Right',6704634776080,20,2,10);
INSERT INTO planogram(tin_supermarket,number_corridor,height,side,ean,number_units,location_number,number_visible_fronts) VALUES(222587995,6,'Medium','Left',6766386179705,15,2,8);
INSERT INTO planogram(tin_supermarket,number_corridor,height,side,ean,number_units,location_number,number_visible_fronts) VALUES(222587995,6,'Upper','Right',6779330254997,15,2,8);
INSERT INTO planogram(tin_supermarket,number_corridor,height,side,ean,number_units,location_number,number_visible_fronts) VALUES(222587995,1,'Floor','Left',3154774644645,25,3,13);
INSERT INTO planogram(tin_supermarket,number_corridor,height,side,ean,number_units,location_number,number_visible_fronts) VALUES(222587995,1,'Medium','Right',3682940166210,24,3,12);
INSERT INTO planogram(tin_supermarket,number_corridor,height,side,ean,number_units,location_number,number_visible_fronts) VALUES(222587995,1,'Upper','Left',9962909186898,13,3,7);
INSERT INTO planogram(tin_supermarket,number_corridor,height,side,ean,number_units,location_number,number_visible_fronts) VALUES(222587995,1,'Floor','Right',1915335660664,22,3,11);
INSERT INTO planogram(tin_supermarket,number_corridor,height,side,ean,number_units,location_number,number_visible_fronts) VALUES(222587995,1,'Medium','Left',1732105133668,22,3,11);
INSERT INTO planogram(tin_supermarket,number_corridor,height,side,ean,number_units,location_number,number_visible_fronts) VALUES(222587995,1,'Upper','Right',1998805159679,17,3,9);
INSERT INTO planogram(tin_supermarket,number_corridor,height,side,ean,number_units,location_number,number_visible_fronts) VALUES(222587995,2,'Floor','Left',2801988318568,25,3,13);
INSERT INTO planogram(tin_supermarket,number_corridor,height,side,ean,number_units,location_number,number_visible_fronts) VALUES(222587995,2,'Medium','Right',3748951277680,13,3,7);
INSERT INTO planogram(tin_supermarket,number_corridor,height,side,ean,number_units,location_number,number_visible_fronts) VALUES(222587995,2,'Upper','Left',7170411688691,22,3,11);
INSERT INTO planogram(tin_supermarket,number_corridor,height,side,ean,number_units,location_number,number_visible_fronts) VALUES(222587995,2,'Floor','Right',9296251265169,14,3,7);
INSERT INTO planogram(tin_supermarket,number_corridor,height,side,ean,number_units,location_number,number_visible_fronts) VALUES(222587995,2,'Medium','Left',5351038958529,11,3,6);
INSERT INTO planogram(tin_supermarket,number_corridor,height,side,ean,number_units,location_number,number_visible_fronts) VALUES(222587995,2,'Upper','Right',8304871945419,10,3,5);
INSERT INTO planogram(tin_supermarket,number_corridor,height,side,ean,number_units,location_number,number_visible_fronts) VALUES(222587995,3,'Floor','Left',6787779552078,16,3,8);
INSERT INTO planogram(tin_supermarket,number_corridor,height,side,ean,number_units,location_number,number_visible_fronts) VALUES(222587995,3,'Medium','Right',6854995276230,10,3,5);
INSERT INTO planogram(tin_supermarket,number_corridor,height,side,ean,number_units,location_number,number_visible_fronts) VALUES(222587995,3,'Upper','Left',7086898336570,19,3,10);
INSERT INTO planogram(tin_supermarket,number_corridor,height,side,ean,number_units,location_number,number_visible_fronts) VALUES(222587995,3,'Floor','Right',7147512311196,23,3,12);
INSERT INTO planogram(tin_supermarket,number_corridor,height,side,ean,number_units,location_number,number_visible_fronts) VALUES(222587995,3,'Medium','Left',7466365698490,19,3,10);
INSERT INTO planogram(tin_supermarket,number_corridor,height,side,ean,number_units,location_number,number_visible_fronts) VALUES(222587995,3,'Upper','Right',7516439211956,22,3,11);
INSERT INTO planogram(tin_supermarket,number_corridor,height,side,ean,number_units,location_number,number_visible_fronts) VALUES(222587995,4,'Floor','Left',7590395737702,24,3,12);
INSERT INTO planogram(tin_supermarket,number_corridor,height,side,ean,number_units,location_number,number_visible_fronts) VALUES(222587995,4,'Medium','Right',7634683201651,18,3,9);
INSERT INTO planogram(tin_supermarket,number_corridor,height,side,ean,number_units,location_number,number_visible_fronts) VALUES(222587995,4,'Upper','Left',7968852118766,19,3,10);
INSERT INTO planogram(tin_supermarket,number_corridor,height,side,ean,number_units,location_number,number_visible_fronts) VALUES(222587995,4,'Floor','Right',8009109808842,12,3,6);
INSERT INTO planogram(tin_supermarket,number_corridor,height,side,ean,number_units,location_number,number_visible_fronts) VALUES(222587995,4,'Medium','Left',8028202977135,13,3,7);
INSERT INTO planogram(tin_supermarket,number_corridor,height,side,ean,number_units,location_number,number_visible_fronts) VALUES(222587995,4,'Upper','Right',8032029464261,23,3,12);
INSERT INTO planogram(tin_supermarket,number_corridor,height,side,ean,number_units,location_number,number_visible_fronts) VALUES(222587995,5,'Floor','Left',8304616409516,11,3,6);
INSERT INTO planogram(tin_supermarket,number_corridor,height,side,ean,number_units,location_number,number_visible_fronts) VALUES(222587995,5,'Medium','Right',8331820323633,24,3,12);
INSERT INTO planogram(tin_supermarket,number_corridor,height,side,ean,number_units,location_number,number_visible_fronts) VALUES(222587995,5,'Upper','Left',8332960719563,15,3,8);
INSERT INTO planogram(tin_supermarket,number_corridor,height,side,ean,number_units,location_number,number_visible_fronts) VALUES(222587995,5,'Floor','Right',8370506404675,21,3,11);
INSERT INTO planogram(tin_supermarket,number_corridor,height,side,ean,number_units,location_number,number_visible_fronts) VALUES(222587995,5,'Medium','Left',8665850791230,17,3,9);
INSERT INTO planogram(tin_supermarket,number_corridor,height,side,ean,number_units,location_number,number_visible_fronts) VALUES(222587995,5,'Upper','Right',9012395700662,22,3,11);
INSERT INTO planogram(tin_supermarket,number_corridor,height,side,ean,number_units,location_number,number_visible_fronts) VALUES(222587995,6,'Floor','Left',9076050574096,14,3,7);
INSERT INTO planogram(tin_supermarket,number_corridor,height,side,ean,number_units,location_number,number_visible_fronts) VALUES(222587995,6,'Medium','Right',9211043768432,12,3,6);
INSERT INTO planogram(tin_supermarket,number_corridor,height,side,ean,number_units,location_number,number_visible_fronts) VALUES(222587995,6,'Upper','Left',9245809626347,10,3,5);
INSERT INTO planogram(tin_supermarket,number_corridor,height,side,ean,number_units,location_number,number_visible_fronts) VALUES(222587995,6,'Floor','Right',9378608460294,17,3,9);
INSERT INTO planogram(tin_supermarket,number_corridor,height,side,ean,number_units,location_number,number_visible_fronts) VALUES(222587995,6,'Medium','Left',9540847188417,16,3,8);
INSERT INTO planogram(tin_supermarket,number_corridor,height,side,ean,number_units,location_number,number_visible_fronts) VALUES(222587995,6,'Upper','Right',9644668654897,22,3,11);
INSERT INTO planogram(tin_supermarket,number_corridor,height,side,ean,number_units,location_number,number_visible_fronts) VALUES(439509559,1,'Floor','Left',8777969777596,25,1,13);
INSERT INTO planogram(tin_supermarket,number_corridor,height,side,ean,number_units,location_number,number_visible_fronts) VALUES(439509559,1,'Medium','Right',1438020781957,15,1,8);
INSERT INTO planogram(tin_supermarket,number_corridor,height,side,ean,number_units,location_number,number_visible_fronts) VALUES(439509559,1,'Upper','Left',2474243297039,23,1,12);
INSERT INTO planogram(tin_supermarket,number_corridor,height,side,ean,number_units,location_number,number_visible_fronts) VALUES(439509559,1,'Floor','Right',9017155999629,14,1,7);
INSERT INTO planogram(tin_supermarket,number_corridor,height,side,ean,number_units,location_number,number_visible_fronts) VALUES(439509559,1,'Medium','Left',4394464509965,20,1,10);
INSERT INTO planogram(tin_supermarket,number_corridor,height,side,ean,number_units,location_number,number_visible_fronts) VALUES(439509559,1,'Upper','Right',4455171629557,16,1,8);
INSERT INTO planogram(tin_supermarket,number_corridor,height,side,ean,number_units,location_number,number_visible_fronts) VALUES(439509559,2,'Floor','Left',4696807100638,16,1,8);
INSERT INTO planogram(tin_supermarket,number_corridor,height,side,ean,number_units,location_number,number_visible_fronts) VALUES(439509559,2,'Medium','Right',4086474893907,19,1,10);
INSERT INTO planogram(tin_supermarket,number_corridor,height,side,ean,number_units,location_number,number_visible_fronts) VALUES(439509559,2,'Upper','Left',4792518572144,18,1,9);
INSERT INTO planogram(tin_supermarket,number_corridor,height,side,ean,number_units,location_number,number_visible_fronts) VALUES(439509559,2,'Floor','Right',4077376845819,20,1,10);
INSERT INTO planogram(tin_supermarket,number_corridor,height,side,ean,number_units,location_number,number_visible_fronts) VALUES(439509559,2,'Medium','Left',6843631784295,18,1,9);
INSERT INTO planogram(tin_supermarket,number_corridor,height,side,ean,number_units,location_number,number_visible_fronts) VALUES(439509559,2,'Upper','Right',2235599916326,10,1,5);
INSERT INTO planogram(tin_supermarket,number_corridor,height,side,ean,number_units,location_number,number_visible_fronts) VALUES(439509559,3,'Floor','Left',7634683201651,17,1,9);
INSERT INTO planogram(tin_supermarket,number_corridor,height,side,ean,number_units,location_number,number_visible_fronts) VALUES(439509559,3,'Medium','Right',7968852118766,22,1,11);
INSERT INTO planogram(tin_supermarket,number_corridor,height,side,ean,number_units,location_number,number_visible_fronts) VALUES(439509559,3,'Upper','Left',8009109808842,19,1,10);
INSERT INTO planogram(tin_supermarket,number_corridor,height,side,ean,number_units,location_number,number_visible_fronts) VALUES(439509559,3,'Floor','Right',8028202977135,10,1,5);
INSERT INTO planogram(tin_supermarket,number_corridor,height,side,ean,number_units,location_number,number_visible_fronts) VALUES(439509559,3,'Medium','Left',8032029464261,23,1,12);
INSERT INTO planogram(tin_supermarket,number_corridor,height,side,ean,number_units,location_number,number_visible_fronts) VALUES(439509559,3,'Upper','Right',8304616409516,19,1,10);
INSERT INTO planogram(tin_supermarket,number_corridor,height,side,ean,number_units,location_number,number_visible_fronts) VALUES(439509559,4,'Floor','Left',8331820323633,15,1,8);
INSERT INTO planogram(tin_supermarket,number_corridor,height,side,ean,number_units,location_number,number_visible_fronts) VALUES(439509559,4,'Medium','Right',8332960719563,22,1,11);
INSERT INTO planogram(tin_supermarket,number_corridor,height,side,ean,number_units,location_number,number_visible_fronts) VALUES(439509559,4,'Upper','Left',8370506404675,15,1,8);
INSERT INTO planogram(tin_supermarket,number_corridor,height,side,ean,number_units,location_number,number_visible_fronts) VALUES(439509559,4,'Floor','Right',8665850791230,12,1,6);
INSERT INTO planogram(tin_supermarket,number_corridor,height,side,ean,number_units,location_number,number_visible_fronts) VALUES(439509559,4,'Medium','Left',9012395700662,17,1,9);
INSERT INTO planogram(tin_supermarket,number_corridor,height,side,ean,number_units,location_number,number_visible_fronts) VALUES(439509559,4,'Upper','Right',9076050574096,16,1,8);
INSERT INTO planogram(tin_supermarket,number_corridor,height,side,ean,number_units,location_number,number_visible_fronts) VALUES(439509559,5,'Floor','Left',9211043768432,20,1,10);
INSERT INTO planogram(tin_supermarket,number_corridor,height,side,ean,number_units,location_number,number_visible_fronts) VALUES(439509559,5,'Medium','Right',9245809626347,21,1,11);
INSERT INTO planogram(tin_supermarket,number_corridor,height,side,ean,number_units,location_number,number_visible_fronts) VALUES(439509559,5,'Upper','Left',9378608460294,21,1,11);
INSERT INTO planogram(tin_supermarket,number_corridor,height,side,ean,number_units,location_number,number_visible_fronts) VALUES(439509559,5,'Floor','Right',9540847188417,24,1,12);
INSERT INTO planogram(tin_supermarket,number_corridor,height,side,ean,number_units,location_number,number_visible_fronts) VALUES(439509559,5,'Medium','Left',9644668654897,22,1,11);
INSERT INTO planogram(tin_supermarket,number_corridor,height,side,ean,number_units,location_number,number_visible_fronts) VALUES(439509559,5,'Upper','Right',9794547371266,19,1,10);
INSERT INTO planogram(tin_supermarket,number_corridor,height,side,ean,number_units,location_number,number_visible_fronts) VALUES(439509559,1,'Floor','Left',6871370466461,16,2,8);
INSERT INTO planogram(tin_supermarket,number_corridor,height,side,ean,number_units,location_number,number_visible_fronts) VALUES(439509559,1,'Medium','Right',2758806285794,14,2,7);
INSERT INTO planogram(tin_supermarket,number_corridor,height,side,ean,number_units,location_number,number_visible_fronts) VALUES(439509559,1,'Upper','Left',2614571882084,25,2,13);
INSERT INTO planogram(tin_supermarket,number_corridor,height,side,ean,number_units,location_number,number_visible_fronts) VALUES(439509559,1,'Floor','Right',2954027912075,17,2,9);
INSERT INTO planogram(tin_supermarket,number_corridor,height,side,ean,number_units,location_number,number_visible_fronts) VALUES(439509559,1,'Medium','Left',4749886260506,16,2,8);
INSERT INTO planogram(tin_supermarket,number_corridor,height,side,ean,number_units,location_number,number_visible_fronts) VALUES(439509559,1,'Upper','Right',5449806392844,25,2,13);
INSERT INTO planogram(tin_supermarket,number_corridor,height,side,ean,number_units,location_number,number_visible_fronts) VALUES(439509559,2,'Floor','Left',6560179708456,10,2,5);
INSERT INTO planogram(tin_supermarket,number_corridor,height,side,ean,number_units,location_number,number_visible_fronts) VALUES(439509559,2,'Medium','Right',1063571155746,17,2,9);
INSERT INTO planogram(tin_supermarket,number_corridor,height,side,ean,number_units,location_number,number_visible_fronts) VALUES(439509559,2,'Upper','Left',4102573176025,18,2,9);
INSERT INTO planogram(tin_supermarket,number_corridor,height,side,ean,number_units,location_number,number_visible_fronts) VALUES(439509559,2,'Floor','Right',5423524870098,19,2,10);
INSERT INTO planogram(tin_supermarket,number_corridor,height,side,ean,number_units,location_number,number_visible_fronts) VALUES(439509559,2,'Medium','Left',2657891059022,22,2,11);
INSERT INTO planogram(tin_supermarket,number_corridor,height,side,ean,number_units,location_number,number_visible_fronts) VALUES(439509559,2,'Upper','Right',1167917673881,24,2,12);
INSERT INTO planogram(tin_supermarket,number_corridor,height,side,ean,number_units,location_number,number_visible_fronts) VALUES(439509559,3,'Floor','Left',5209541332186,18,2,9);
INSERT INTO planogram(tin_supermarket,number_corridor,height,side,ean,number_units,location_number,number_visible_fronts) VALUES(439509559,3,'Medium','Right',5649279270809,20,2,10);
INSERT INTO planogram(tin_supermarket,number_corridor,height,side,ean,number_units,location_number,number_visible_fronts) VALUES(439509559,3,'Upper','Left',5897709047971,15,2,8);
INSERT INTO planogram(tin_supermarket,number_corridor,height,side,ean,number_units,location_number,number_visible_fronts) VALUES(439509559,3,'Floor','Right',5979557546142,15,2,8);
INSERT INTO planogram(tin_supermarket,number_corridor,height,side,ean,number_units,location_number,number_visible_fronts) VALUES(439509559,3,'Medium','Left',6094715825110,23,2,12);
INSERT INTO planogram(tin_supermarket,number_corridor,height,side,ean,number_units,location_number,number_visible_fronts) VALUES(439509559,3,'Upper','Right',6290051946490,18,2,9);
INSERT INTO planogram(tin_supermarket,number_corridor,height,side,ean,number_units,location_number,number_visible_fronts) VALUES(439509559,4,'Floor','Left',6374953628189,25,2,13);
INSERT INTO planogram(tin_supermarket,number_corridor,height,side,ean,number_units,location_number,number_visible_fronts) VALUES(439509559,4,'Medium','Right',6599950190663,18,2,9);
INSERT INTO planogram(tin_supermarket,number_corridor,height,side,ean,number_units,location_number,number_visible_fronts) VALUES(439509559,4,'Upper','Left',6704634776080,19,2,10);
INSERT INTO planogram(tin_supermarket,number_corridor,height,side,ean,number_units,location_number,number_visible_fronts) VALUES(439509559,4,'Floor','Right',6766386179705,23,2,12);
INSERT INTO planogram(tin_supermarket,number_corridor,height,side,ean,number_units,location_number,number_visible_fronts) VALUES(439509559,4,'Medium','Left',6779330254997,23,2,12);
INSERT INTO planogram(tin_supermarket,number_corridor,height,side,ean,number_units,location_number,number_visible_fronts) VALUES(439509559,4,'Upper','Right',6787779552078,25,2,13);
INSERT INTO planogram(tin_supermarket,number_corridor,height,side,ean,number_units,location_number,number_visible_fronts) VALUES(439509559,5,'Floor','Left',6854995276230,19,2,10);
INSERT INTO planogram(tin_supermarket,number_corridor,height,side,ean,number_units,location_number,number_visible_fronts) VALUES(439509559,5,'Medium','Right',7086898336570,21,2,11);
INSERT INTO planogram(tin_supermarket,number_corridor,height,side,ean,number_units,location_number,number_visible_fronts) VALUES(439509559,5,'Upper','Left',7147512311196,25,2,13);
INSERT INTO planogram(tin_supermarket,number_corridor,height,side,ean,number_units,location_number,number_visible_fronts) VALUES(439509559,5,'Floor','Right',7466365698490,13,2,7);
INSERT INTO planogram(tin_supermarket,number_corridor,height,side,ean,number_units,location_number,number_visible_fronts) VALUES(439509559,5,'Medium','Left',7516439211956,14,2,7);
INSERT INTO planogram(tin_supermarket,number_corridor,height,side,ean,number_units,location_number,number_visible_fronts) VALUES(439509559,5,'Upper','Right',7590395737702,19,2,10);
INSERT INTO planogram(tin_supermarket,number_corridor,height,side,ean,number_units,location_number,number_visible_fronts) VALUES(439509559,1,'Floor','Left',3154774644645,22,3,11);
INSERT INTO planogram(tin_supermarket,number_corridor,height,side,ean,number_units,location_number,number_visible_fronts) VALUES(439509559,1,'Medium','Right',3682940166210,15,3,8);
INSERT INTO planogram(tin_supermarket,number_corridor,height,side,ean,number_units,location_number,number_visible_fronts) VALUES(439509559,1,'Upper','Left',9962909186898,20,3,10);
INSERT INTO planogram(tin_supermarket,number_corridor,height,side,ean,number_units,location_number,number_visible_fronts) VALUES(439509559,1,'Floor','Right',1915335660664,11,3,6);
INSERT INTO planogram(tin_supermarket,number_corridor,height,side,ean,number_units,location_number,number_visible_fronts) VALUES(439509559,1,'Medium','Left',1732105133668,11,3,6);
INSERT INTO planogram(tin_supermarket,number_corridor,height,side,ean,number_units,location_number,number_visible_fronts) VALUES(439509559,1,'Upper','Right',1998805159679,12,3,6);
INSERT INTO planogram(tin_supermarket,number_corridor,height,side,ean,number_units,location_number,number_visible_fronts) VALUES(439509559,2,'Floor','Left',2801988318568,17,3,9);
INSERT INTO planogram(tin_supermarket,number_corridor,height,side,ean,number_units,location_number,number_visible_fronts) VALUES(439509559,2,'Medium','Right',3748951277680,10,3,5);
INSERT INTO planogram(tin_supermarket,number_corridor,height,side,ean,number_units,location_number,number_visible_fronts) VALUES(439509559,2,'Upper','Left',7170411688691,21,3,11);
INSERT INTO planogram(tin_supermarket,number_corridor,height,side,ean,number_units,location_number,number_visible_fronts) VALUES(439509559,2,'Floor','Right',9296251265169,10,3,5);
INSERT INTO planogram(tin_supermarket,number_corridor,height,side,ean,number_units,location_number,number_visible_fronts) VALUES(439509559,2,'Medium','Left',5351038958529,22,3,11);
INSERT INTO planogram(tin_supermarket,number_corridor,height,side,ean,number_units,location_number,number_visible_fronts) VALUES(439509559,2,'Upper','Right',8304871945419,23,3,12);
INSERT INTO planogram(tin_supermarket,number_corridor,height,side,ean,number_units,location_number,number_visible_fronts) VALUES(439509559,3,'Floor','Left',2905304741768,10,3,5);
INSERT INTO planogram(tin_supermarket,number_corridor,height,side,ean,number_units,location_number,number_visible_fronts) VALUES(439509559,3,'Medium','Right',3204201800799,13,3,7);
INSERT INTO planogram(tin_supermarket,number_corridor,height,side,ean,number_units,location_number,number_visible_fronts) VALUES(439509559,3,'Upper','Left',3627582311797,12,3,6);
INSERT INTO planogram(tin_supermarket,number_corridor,height,side,ean,number_units,location_number,number_visible_fronts) VALUES(439509559,3,'Floor','Right',3766679083978,10,3,5);
INSERT INTO planogram(tin_supermarket,number_corridor,height,side,ean,number_units,location_number,number_visible_fronts) VALUES(439509559,3,'Medium','Left',3796333237114,11,3,6);
INSERT INTO planogram(tin_supermarket,number_corridor,height,side,ean,number_units,location_number,number_visible_fronts) VALUES(439509559,3,'Upper','Right',3831364723577,14,3,7);
INSERT INTO planogram(tin_supermarket,number_corridor,height,side,ean,number_units,location_number,number_visible_fronts) VALUES(439509559,4,'Floor','Left',3942519040027,23,3,12);
INSERT INTO planogram(tin_supermarket,number_corridor,height,side,ean,number_units,location_number,number_visible_fronts) VALUES(439509559,4,'Medium','Right',3975117404563,16,3,8);
INSERT INTO planogram(tin_supermarket,number_corridor,height,side,ean,number_units,location_number,number_visible_fronts) VALUES(439509559,4,'Upper','Left',3993301519651,19,3,10);
INSERT INTO planogram(tin_supermarket,number_corridor,height,side,ean,number_units,location_number,number_visible_fronts) VALUES(439509559,4,'Floor','Right',4421900858217,23,3,12);
INSERT INTO planogram(tin_supermarket,number_corridor,height,side,ean,number_units,location_number,number_visible_fronts) VALUES(439509559,4,'Medium','Left',4466304907161,22,3,11);
INSERT INTO planogram(tin_supermarket,number_corridor,height,side,ean,number_units,location_number,number_visible_fronts) VALUES(439509559,4,'Upper','Right',4472344340904,12,3,6);
INSERT INTO planogram(tin_supermarket,number_corridor,height,side,ean,number_units,location_number,number_visible_fronts) VALUES(439509559,5,'Floor','Left',4729336180748,24,3,12);
INSERT INTO planogram(tin_supermarket,number_corridor,height,side,ean,number_units,location_number,number_visible_fronts) VALUES(439509559,5,'Medium','Right',4750508730343,15,3,8);
INSERT INTO planogram(tin_supermarket,number_corridor,height,side,ean,number_units,location_number,number_visible_fronts) VALUES(439509559,5,'Upper','Left',4792518572144,20,3,10);
INSERT INTO planogram(tin_supermarket,number_corridor,height,side,ean,number_units,location_number,number_visible_fronts) VALUES(439509559,5,'Floor','Right',4926396298131,20,3,10);
INSERT INTO planogram(tin_supermarket,number_corridor,height,side,ean,number_units,location_number,number_visible_fronts) VALUES(439509559,5,'Medium','Left',5041572817363,14,3,7);
INSERT INTO planogram(tin_supermarket,number_corridor,height,side,ean,number_units,location_number,number_visible_fronts) VALUES(439509559,5,'Upper','Right',5163880310407,19,3,10);
INSERT INTO planogram(tin_supermarket,number_corridor,height,side,ean,number_units,location_number,number_visible_fronts) VALUES(584606763,1,'Floor','Left',8777969777596,22,1,11);
INSERT INTO planogram(tin_supermarket,number_corridor,height,side,ean,number_units,location_number,number_visible_fronts) VALUES(584606763,1,'Medium','Right',1438020781957,16,1,8);
INSERT INTO planogram(tin_supermarket,number_corridor,height,side,ean,number_units,location_number,number_visible_fronts) VALUES(584606763,1,'Upper','Left',2474243297039,25,1,13);
INSERT INTO planogram(tin_supermarket,number_corridor,height,side,ean,number_units,location_number,number_visible_fronts) VALUES(584606763,1,'Floor','Right',9017155999629,18,1,9);
INSERT INTO planogram(tin_supermarket,number_corridor,height,side,ean,number_units,location_number,number_visible_fronts) VALUES(584606763,1,'Medium','Left',4394464509965,20,1,10);
INSERT INTO planogram(tin_supermarket,number_corridor,height,side,ean,number_units,location_number,number_visible_fronts) VALUES(584606763,1,'Upper','Right',4455171629557,25,1,13);
INSERT INTO planogram(tin_supermarket,number_corridor,height,side,ean,number_units,location_number,number_visible_fronts) VALUES(584606763,2,'Floor','Left',4696807100638,20,1,10);
INSERT INTO planogram(tin_supermarket,number_corridor,height,side,ean,number_units,location_number,number_visible_fronts) VALUES(584606763,2,'Medium','Right',4086474893907,13,1,7);
INSERT INTO planogram(tin_supermarket,number_corridor,height,side,ean,number_units,location_number,number_visible_fronts) VALUES(584606763,2,'Upper','Left',4792518572144,18,1,9);
INSERT INTO planogram(tin_supermarket,number_corridor,height,side,ean,number_units,location_number,number_visible_fronts) VALUES(584606763,2,'Floor','Right',4077376845819,12,1,6);
INSERT INTO planogram(tin_supermarket,number_corridor,height,side,ean,number_units,location_number,number_visible_fronts) VALUES(584606763,2,'Medium','Left',6843631784295,12,1,6);
INSERT INTO planogram(tin_supermarket,number_corridor,height,side,ean,number_units,location_number,number_visible_fronts) VALUES(584606763,2,'Upper','Right',2235599916326,25,1,13);
INSERT INTO planogram(tin_supermarket,number_corridor,height,side,ean,number_units,location_number,number_visible_fronts) VALUES(584606763,3,'Floor','Left',1029859355932,12,1,6);
INSERT INTO planogram(tin_supermarket,number_corridor,height,side,ean,number_units,location_number,number_visible_fronts) VALUES(584606763,3,'Medium','Right',1033812197987,11,1,6);
INSERT INTO planogram(tin_supermarket,number_corridor,height,side,ean,number_units,location_number,number_visible_fronts) VALUES(584606763,3,'Upper','Left',1200189215948,21,1,11);
INSERT INTO planogram(tin_supermarket,number_corridor,height,side,ean,number_units,location_number,number_visible_fronts) VALUES(584606763,3,'Floor','Right',1620278853404,23,1,12);
INSERT INTO planogram(tin_supermarket,number_corridor,height,side,ean,number_units,location_number,number_visible_fronts) VALUES(584606763,3,'Medium','Left',1710842410143,21,1,11);
INSERT INTO planogram(tin_supermarket,number_corridor,height,side,ean,number_units,location_number,number_visible_fronts) VALUES(584606763,3,'Upper','Right',1831402193991,10,1,5);
INSERT INTO planogram(tin_supermarket,number_corridor,height,side,ean,number_units,location_number,number_visible_fronts) VALUES(584606763,4,'Floor','Left',1897462287188,23,1,12);
INSERT INTO planogram(tin_supermarket,number_corridor,height,side,ean,number_units,location_number,number_visible_fronts) VALUES(584606763,4,'Medium','Right',1898436732927,25,1,13);
INSERT INTO planogram(tin_supermarket,number_corridor,height,side,ean,number_units,location_number,number_visible_fronts) VALUES(584606763,4,'Upper','Left',1993326789948,11,1,6);
INSERT INTO planogram(tin_supermarket,number_corridor,height,side,ean,number_units,location_number,number_visible_fronts) VALUES(584606763,4,'Floor','Right',2021169086338,17,1,9);
INSERT INTO planogram(tin_supermarket,number_corridor,height,side,ean,number_units,location_number,number_visible_fronts) VALUES(584606763,4,'Medium','Left',2171633528594,16,1,8);
INSERT INTO planogram(tin_supermarket,number_corridor,height,side,ean,number_units,location_number,number_visible_fronts) VALUES(584606763,4,'Upper','Right',2215267379502,14,1,7);
INSERT INTO planogram(tin_supermarket,number_corridor,height,side,ean,number_units,location_number,number_visible_fronts) VALUES(584606763,1,'Floor','Left',6871370466461,20,2,10);
INSERT INTO planogram(tin_supermarket,number_corridor,height,side,ean,number_units,location_number,number_visible_fronts) VALUES(584606763,1,'Medium','Right',2758806285794,22,2,11);
INSERT INTO planogram(tin_supermarket,number_corridor,height,side,ean,number_units,location_number,number_visible_fronts) VALUES(584606763,1,'Upper','Left',2614571882084,23,2,12);
INSERT INTO planogram(tin_supermarket,number_corridor,height,side,ean,number_units,location_number,number_visible_fronts) VALUES(584606763,1,'Floor','Right',2954027912075,10,2,5);
INSERT INTO planogram(tin_supermarket,number_corridor,height,side,ean,number_units,location_number,number_visible_fronts) VALUES(584606763,1,'Medium','Left',4749886260506,10,2,5);
INSERT INTO planogram(tin_supermarket,number_corridor,height,side,ean,number_units,location_number,number_visible_fronts) VALUES(584606763,1,'Upper','Right',5449806392844,20,2,10);
INSERT INTO planogram(tin_supermarket,number_corridor,height,side,ean,number_units,location_number,number_visible_fronts) VALUES(584606763,2,'Floor','Left',6560179708456,13,2,7);
INSERT INTO planogram(tin_supermarket,number_corridor,height,side,ean,number_units,location_number,number_visible_fronts) VALUES(584606763,2,'Medium','Right',1063571155746,20,2,10);
INSERT INTO planogram(tin_supermarket,number_corridor,height,side,ean,number_units,location_number,number_visible_fronts) VALUES(584606763,2,'Upper','Left',4102573176025,16,2,8);
INSERT INTO planogram(tin_supermarket,number_corridor,height,side,ean,number_units,location_number,number_visible_fronts) VALUES(584606763,2,'Floor','Right',5423524870098,25,2,13);
INSERT INTO planogram(tin_supermarket,number_corridor,height,side,ean,number_units,location_number,number_visible_fronts) VALUES(584606763,2,'Medium','Left',2657891059022,24,2,12);
INSERT INTO planogram(tin_supermarket,number_corridor,height,side,ean,number_units,location_number,number_visible_fronts) VALUES(584606763,2,'Upper','Right',1167917673881,21,2,11);
INSERT INTO planogram(tin_supermarket,number_corridor,height,side,ean,number_units,location_number,number_visible_fronts) VALUES(584606763,3,'Floor','Left',2326705819312,20,2,10);
INSERT INTO planogram(tin_supermarket,number_corridor,height,side,ean,number_units,location_number,number_visible_fronts) VALUES(584606763,3,'Medium','Right',2347308386663,12,2,6);
INSERT INTO planogram(tin_supermarket,number_corridor,height,side,ean,number_units,location_number,number_visible_fronts) VALUES(584606763,3,'Upper','Left',2598978124083,19,2,10);
INSERT INTO planogram(tin_supermarket,number_corridor,height,side,ean,number_units,location_number,number_visible_fronts) VALUES(584606763,3,'Floor','Right',2695399667872,15,2,8);
INSERT INTO planogram(tin_supermarket,number_corridor,height,side,ean,number_units,location_number,number_visible_fronts) VALUES(584606763,3,'Medium','Left',2775278875712,18,2,9);
INSERT INTO planogram(tin_supermarket,number_corridor,height,side,ean,number_units,location_number,number_visible_fronts) VALUES(584606763,3,'Upper','Right',2783906341922,15,2,8);
INSERT INTO planogram(tin_supermarket,number_corridor,height,side,ean,number_units,location_number,number_visible_fronts) VALUES(584606763,4,'Floor','Left',2861981972568,17,2,9);
INSERT INTO planogram(tin_supermarket,number_corridor,height,side,ean,number_units,location_number,number_visible_fronts) VALUES(584606763,4,'Medium','Right',2905304741768,13,2,7);
INSERT INTO planogram(tin_supermarket,number_corridor,height,side,ean,number_units,location_number,number_visible_fronts) VALUES(584606763,4,'Upper','Left',3204201800799,20,2,10);
INSERT INTO planogram(tin_supermarket,number_corridor,height,side,ean,number_units,location_number,number_visible_fronts) VALUES(584606763,4,'Floor','Right',3627582311797,13,2,7);
INSERT INTO planogram(tin_supermarket,number_corridor,height,side,ean,number_units,location_number,number_visible_fronts) VALUES(584606763,4,'Medium','Left',3766679083978,22,2,11);
INSERT INTO planogram(tin_supermarket,number_corridor,height,side,ean,number_units,location_number,number_visible_fronts) VALUES(584606763,4,'Upper','Right',3796333237114,13,2,7);
INSERT INTO planogram(tin_supermarket,number_corridor,height,side,ean,number_units,location_number,number_visible_fronts) VALUES(584606763,1,'Floor','Left',3154774644645,15,3,8);
INSERT INTO planogram(tin_supermarket,number_corridor,height,side,ean,number_units,location_number,number_visible_fronts) VALUES(584606763,1,'Medium','Right',3682940166210,19,3,10);
INSERT INTO planogram(tin_supermarket,number_corridor,height,side,ean,number_units,location_number,number_visible_fronts) VALUES(584606763,1,'Upper','Left',9962909186898,17,3,9);
INSERT INTO planogram(tin_supermarket,number_corridor,height,side,ean,number_units,location_number,number_visible_fronts) VALUES(584606763,1,'Floor','Right',1915335660664,12,3,6);
INSERT INTO planogram(tin_supermarket,number_corridor,height,side,ean,number_units,location_number,number_visible_fronts) VALUES(584606763,1,'Medium','Left',1732105133668,24,3,12);
INSERT INTO planogram(tin_supermarket,number_corridor,height,side,ean,number_units,location_number,number_visible_fronts) VALUES(584606763,1,'Upper','Right',1998805159679,20,3,10);
INSERT INTO planogram(tin_supermarket,number_corridor,height,side,ean,number_units,location_number,number_visible_fronts) VALUES(584606763,2,'Floor','Left',2801988318568,14,3,7);
INSERT INTO planogram(tin_supermarket,number_corridor,height,side,ean,number_units,location_number,number_visible_fronts) VALUES(584606763,2,'Medium','Right',3748951277680,22,3,11);
INSERT INTO planogram(tin_supermarket,number_corridor,height,side,ean,number_units,location_number,number_visible_fronts) VALUES(584606763,2,'Upper','Left',7170411688691,25,3,13);
INSERT INTO planogram(tin_supermarket,number_corridor,height,side,ean,number_units,location_number,number_visible_fronts) VALUES(584606763,2,'Floor','Right',9296251265169,13,3,7);
INSERT INTO planogram(tin_supermarket,number_corridor,height,side,ean,number_units,location_number,number_visible_fronts) VALUES(584606763,2,'Medium','Left',5351038958529,10,3,5);
INSERT INTO planogram(tin_supermarket,number_corridor,height,side,ean,number_units,location_number,number_visible_fronts) VALUES(584606763,2,'Upper','Right',8304871945419,11,3,6);
INSERT INTO planogram(tin_supermarket,number_corridor,height,side,ean,number_units,location_number,number_visible_fronts) VALUES(584606763,3,'Floor','Left',3831364723577,25,3,13);
INSERT INTO planogram(tin_supermarket,number_corridor,height,side,ean,number_units,location_number,number_visible_fronts) VALUES(584606763,3,'Medium','Right',3942519040027,23,3,12);
INSERT INTO planogram(tin_supermarket,number_corridor,height,side,ean,number_units,location_number,number_visible_fronts) VALUES(584606763,3,'Upper','Left',3975117404563,13,3,7);
INSERT INTO planogram(tin_supermarket,number_corridor,height,side,ean,number_units,location_number,number_visible_fronts) VALUES(584606763,3,'Floor','Right',3993301519651,24,3,12);
INSERT INTO planogram(tin_supermarket,number_corridor,height,side,ean,number_units,location_number,number_visible_fronts) VALUES(584606763,3,'Medium','Left',4421900858217,23,3,12);
INSERT INTO planogram(tin_supermarket,number_corridor,height,side,ean,number_units,location_number,number_visible_fronts) VALUES(584606763,3,'Upper','Right',4466304907161,19,3,10);
INSERT INTO planogram(tin_supermarket,number_corridor,height,side,ean,number_units,location_number,number_visible_fronts) VALUES(584606763,4,'Floor','Left',4472344340904,13,3,7);
INSERT INTO planogram(tin_supermarket,number_corridor,height,side,ean,number_units,location_number,number_visible_fronts) VALUES(584606763,4,'Medium','Right',4729336180748,12,3,6);
INSERT INTO planogram(tin_supermarket,number_corridor,height,side,ean,number_units,location_number,number_visible_fronts) VALUES(584606763,4,'Upper','Left',4750508730343,17,3,9);
INSERT INTO planogram(tin_supermarket,number_corridor,height,side,ean,number_units,location_number,number_visible_fronts) VALUES(584606763,4,'Floor','Right',4792518572144,24,3,12);
INSERT INTO planogram(tin_supermarket,number_corridor,height,side,ean,number_units,location_number,number_visible_fronts) VALUES(584606763,4,'Medium','Left',4926396298131,14,3,7);
INSERT INTO planogram(tin_supermarket,number_corridor,height,side,ean,number_units,location_number,number_visible_fronts) VALUES(584606763,4,'Upper','Right',5041572817363,19,3,10);
INSERT INTO planogram(tin_supermarket,number_corridor,height,side,ean,number_units,location_number,number_visible_fronts) VALUES(699079553,1,'Floor','Left',3831364723577,19,1,10);
INSERT INTO planogram(tin_supermarket,number_corridor,height,side,ean,number_units,location_number,number_visible_fronts) VALUES(699079553,1,'Medium','Right',3942519040027,15,1,8);
INSERT INTO planogram(tin_supermarket,number_corridor,height,side,ean,number_units,location_number,number_visible_fronts) VALUES(699079553,1,'Upper','Left',3975117404563,15,1,8);
INSERT INTO planogram(tin_supermarket,number_corridor,height,side,ean,number_units,location_number,number_visible_fronts) VALUES(699079553,1,'Floor','Right',3993301519651,23,1,12);
INSERT INTO planogram(tin_supermarket,number_corridor,height,side,ean,number_units,location_number,number_visible_fronts) VALUES(699079553,1,'Medium','Left',4421900858217,11,1,6);
INSERT INTO planogram(tin_supermarket,number_corridor,height,side,ean,number_units,location_number,number_visible_fronts) VALUES(699079553,1,'Upper','Right',4466304907161,21,1,11);
INSERT INTO planogram(tin_supermarket,number_corridor,height,side,ean,number_units,location_number,number_visible_fronts) VALUES(699079553,2,'Floor','Left',4472344340904,17,1,9);
INSERT INTO planogram(tin_supermarket,number_corridor,height,side,ean,number_units,location_number,number_visible_fronts) VALUES(699079553,2,'Medium','Right',4729336180748,24,1,12);
INSERT INTO planogram(tin_supermarket,number_corridor,height,side,ean,number_units,location_number,number_visible_fronts) VALUES(699079553,2,'Upper','Left',4750508730343,23,1,12);
INSERT INTO planogram(tin_supermarket,number_corridor,height,side,ean,number_units,location_number,number_visible_fronts) VALUES(699079553,2,'Floor','Right',4792518572144,20,1,10);
INSERT INTO planogram(tin_supermarket,number_corridor,height,side,ean,number_units,location_number,number_visible_fronts) VALUES(699079553,2,'Medium','Left',4926396298131,13,1,7);
INSERT INTO planogram(tin_supermarket,number_corridor,height,side,ean,number_units,location_number,number_visible_fronts) VALUES(699079553,2,'Upper','Right',5041572817363,10,1,5);
INSERT INTO planogram(tin_supermarket,number_corridor,height,side,ean,number_units,location_number,number_visible_fronts) VALUES(699079553,3,'Floor','Left',5163880310407,16,1,8);
INSERT INTO planogram(tin_supermarket,number_corridor,height,side,ean,number_units,location_number,number_visible_fronts) VALUES(699079553,3,'Medium','Right',5209541332186,24,1,12);
INSERT INTO planogram(tin_supermarket,number_corridor,height,side,ean,number_units,location_number,number_visible_fronts) VALUES(699079553,3,'Upper','Left',5649279270809,10,1,5);
INSERT INTO planogram(tin_supermarket,number_corridor,height,side,ean,number_units,location_number,number_visible_fronts) VALUES(699079553,3,'Floor','Right',5897709047971,17,1,9);
INSERT INTO planogram(tin_supermarket,number_corridor,height,side,ean,number_units,location_number,number_visible_fronts) VALUES(699079553,3,'Medium','Left',5979557546142,13,1,7);
INSERT INTO planogram(tin_supermarket,number_corridor,height,side,ean,number_units,location_number,number_visible_fronts) VALUES(699079553,3,'Upper','Right',6094715825110,11,1,6);
INSERT INTO planogram(tin_supermarket,number_corridor,height,side,ean,number_units,location_number,number_visible_fronts) VALUES(699079553,1,'Floor','Left',6290051946490,17,2,9);
INSERT INTO planogram(tin_supermarket,number_corridor,height,side,ean,number_units,location_number,number_visible_fronts) VALUES(699079553,1,'Medium','Right',6374953628189,10,2,5);
INSERT INTO planogram(tin_supermarket,number_corridor,height,side,ean,number_units,location_number,number_visible_fronts) VALUES(699079553,1,'Upper','Left',6599950190663,11,2,6);
INSERT INTO planogram(tin_supermarket,number_corridor,height,side,ean,number_units,location_number,number_visible_fronts) VALUES(699079553,1,'Floor','Right',6704634776080,21,2,11);
INSERT INTO planogram(tin_supermarket,number_corridor,height,side,ean,number_units,location_number,number_visible_fronts) VALUES(699079553,1,'Medium','Left',6766386179705,22,2,11);
INSERT INTO planogram(tin_supermarket,number_corridor,height,side,ean,number_units,location_number,number_visible_fronts) VALUES(699079553,1,'Upper','Right',6779330254997,12,2,6);
INSERT INTO planogram(tin_supermarket,number_corridor,height,side,ean,number_units,location_number,number_visible_fronts) VALUES(699079553,2,'Floor','Left',1029859355932,21,2,11);
INSERT INTO planogram(tin_supermarket,number_corridor,height,side,ean,number_units,location_number,number_visible_fronts) VALUES(699079553,2,'Medium','Right',1033812197987,14,2,7);
INSERT INTO planogram(tin_supermarket,number_corridor,height,side,ean,number_units,location_number,number_visible_fronts) VALUES(699079553,2,'Upper','Left',1200189215948,10,2,5);
INSERT INTO planogram(tin_supermarket,number_corridor,height,side,ean,number_units,location_number,number_visible_fronts) VALUES(699079553,2,'Floor','Right',1620278853404,22,2,11);
INSERT INTO planogram(tin_supermarket,number_corridor,height,side,ean,number_units,location_number,number_visible_fronts) VALUES(699079553,2,'Medium','Left',1710842410143,10,2,5);
INSERT INTO planogram(tin_supermarket,number_corridor,height,side,ean,number_units,location_number,number_visible_fronts) VALUES(699079553,2,'Upper','Right',1831402193991,13,2,7);
INSERT INTO planogram(tin_supermarket,number_corridor,height,side,ean,number_units,location_number,number_visible_fronts) VALUES(699079553,3,'Floor','Left',1897462287188,12,2,6);
INSERT INTO planogram(tin_supermarket,number_corridor,height,side,ean,number_units,location_number,number_visible_fronts) VALUES(699079553,3,'Medium','Right',1898436732927,19,2,10);
INSERT INTO planogram(tin_supermarket,number_corridor,height,side,ean,number_units,location_number,number_visible_fronts) VALUES(699079553,3,'Upper','Left',1993326789948,18,2,9);
INSERT INTO planogram(tin_supermarket,number_corridor,height,side,ean,number_units,location_number,number_visible_fronts) VALUES(699079553,3,'Floor','Right',2021169086338,19,2,10);
INSERT INTO planogram(tin_supermarket,number_corridor,height,side,ean,number_units,location_number,number_visible_fronts) VALUES(699079553,3,'Medium','Left',2171633528594,18,2,9);
INSERT INTO planogram(tin_supermarket,number_corridor,height,side,ean,number_units,location_number,number_visible_fronts) VALUES(699079553,3,'Upper','Right',2215267379502,22,2,11);
INSERT INTO planogram(tin_supermarket,number_corridor,height,side,ean,number_units,location_number,number_visible_fronts) VALUES(699079553,1,'Floor','Left',2326705819312,16,3,8);
INSERT INTO planogram(tin_supermarket,number_corridor,height,side,ean,number_units,location_number,number_visible_fronts) VALUES(699079553,1,'Medium','Right',2347308386663,15,3,8);
INSERT INTO planogram(tin_supermarket,number_corridor,height,side,ean,number_units,location_number,number_visible_fronts) VALUES(699079553,1,'Upper','Left',2598978124083,20,3,10);
INSERT INTO planogram(tin_supermarket,number_corridor,height,side,ean,number_units,location_number,number_visible_fronts) VALUES(699079553,1,'Floor','Right',2695399667872,19,3,10);
INSERT INTO planogram(tin_supermarket,number_corridor,height,side,ean,number_units,location_number,number_visible_fronts) VALUES(699079553,1,'Medium','Left',2775278875712,10,3,5);
INSERT INTO planogram(tin_supermarket,number_corridor,height,side,ean,number_units,location_number,number_visible_fronts) VALUES(699079553,1,'Upper','Right',2783906341922,18,3,9);
INSERT INTO planogram(tin_supermarket,number_corridor,height,side,ean,number_units,location_number,number_visible_fronts) VALUES(699079553,2,'Floor','Left',2861981972568,16,3,8);
INSERT INTO planogram(tin_supermarket,number_corridor,height,side,ean,number_units,location_number,number_visible_fronts) VALUES(699079553,2,'Medium','Right',2905304741768,25,3,13);
INSERT INTO planogram(tin_supermarket,number_corridor,height,side,ean,number_units,location_number,number_visible_fronts) VALUES(699079553,2,'Upper','Left',3204201800799,21,3,11);
INSERT INTO planogram(tin_supermarket,number_corridor,height,side,ean,number_units,location_number,number_visible_fronts) VALUES(699079553,2,'Floor','Right',3627582311797,21,3,11);
INSERT INTO planogram(tin_supermarket,number_corridor,height,side,ean,number_units,location_number,number_visible_fronts) VALUES(699079553,2,'Medium','Left',3766679083978,12,3,6);
INSERT INTO planogram(tin_supermarket,number_corridor,height,side,ean,number_units,location_number,number_visible_fronts) VALUES(699079553,2,'Upper','Right',3796333237114,18,3,9);
INSERT INTO planogram(tin_supermarket,number_corridor,height,side,ean,number_units,location_number,number_visible_fronts) VALUES(699079553,3,'Floor','Left',6787779552078,20,3,10);
INSERT INTO planogram(tin_supermarket,number_corridor,height,side,ean,number_units,location_number,number_visible_fronts) VALUES(699079553,3,'Medium','Right',6854995276230,22,3,11);
INSERT INTO planogram(tin_supermarket,number_corridor,height,side,ean,number_units,location_number,number_visible_fronts) VALUES(699079553,3,'Upper','Left',7086898336570,14,3,7);
INSERT INTO planogram(tin_supermarket,number_corridor,height,side,ean,number_units,location_number,number_visible_fronts) VALUES(699079553,3,'Floor','Right',7147512311196,11,3,6);
INSERT INTO planogram(tin_supermarket,number_corridor,height,side,ean,number_units,location_number,number_visible_fronts) VALUES(699079553,3,'Medium','Left',7466365698490,23,3,12);
INSERT INTO planogram(tin_supermarket,number_corridor,height,side,ean,number_units,location_number,number_visible_fronts) VALUES(699079553,3,'Upper','Right',7516439211956,17,3,9);
INSERT INTO planogram(tin_supermarket,number_corridor,height,side,ean,number_units,location_number,number_visible_fronts) VALUES(858336533,1,'Floor','Left',8777969777596,13,1,7);
INSERT INTO planogram(tin_supermarket,number_corridor,height,side,ean,number_units,location_number,number_visible_fronts) VALUES(858336533,1,'Medium','Right',1438020781957,21,1,11);
INSERT INTO planogram(tin_supermarket,number_corridor,height,side,ean,number_units,location_number,number_visible_fronts) VALUES(858336533,1,'Upper','Left',2474243297039,13,1,7);
INSERT INTO planogram(tin_supermarket,number_corridor,height,side,ean,number_units,location_number,number_visible_fronts) VALUES(858336533,1,'Floor','Right',9017155999629,14,1,7);
INSERT INTO planogram(tin_supermarket,number_corridor,height,side,ean,number_units,location_number,number_visible_fronts) VALUES(858336533,1,'Medium','Left',4394464509965,19,1,10);
INSERT INTO planogram(tin_supermarket,number_corridor,height,side,ean,number_units,location_number,number_visible_fronts) VALUES(858336533,1,'Upper','Right',4455171629557,24,1,12);
INSERT INTO planogram(tin_supermarket,number_corridor,height,side,ean,number_units,location_number,number_visible_fronts) VALUES(858336533,2,'Floor','Left',4696807100638,24,1,12);
INSERT INTO planogram(tin_supermarket,number_corridor,height,side,ean,number_units,location_number,number_visible_fronts) VALUES(858336533,2,'Medium','Right',4086474893907,16,1,8);
INSERT INTO planogram(tin_supermarket,number_corridor,height,side,ean,number_units,location_number,number_visible_fronts) VALUES(858336533,2,'Upper','Left',4792518572144,11,1,6);
INSERT INTO planogram(tin_supermarket,number_corridor,height,side,ean,number_units,location_number,number_visible_fronts) VALUES(858336533,2,'Floor','Right',4077376845819,11,1,6);
INSERT INTO planogram(tin_supermarket,number_corridor,height,side,ean,number_units,location_number,number_visible_fronts) VALUES(858336533,2,'Medium','Left',6843631784295,13,1,7);
INSERT INTO planogram(tin_supermarket,number_corridor,height,side,ean,number_units,location_number,number_visible_fronts) VALUES(858336533,2,'Upper','Right',2235599916326,21,1,11);
INSERT INTO planogram(tin_supermarket,number_corridor,height,side,ean,number_units,location_number,number_visible_fronts) VALUES(858336533,3,'Floor','Left',3831364723577,13,1,7);
INSERT INTO planogram(tin_supermarket,number_corridor,height,side,ean,number_units,location_number,number_visible_fronts) VALUES(858336533,3,'Medium','Right',3942519040027,10,1,5);
INSERT INTO planogram(tin_supermarket,number_corridor,height,side,ean,number_units,location_number,number_visible_fronts) VALUES(858336533,3,'Upper','Left',3975117404563,25,1,13);
INSERT INTO planogram(tin_supermarket,number_corridor,height,side,ean,number_units,location_number,number_visible_fronts) VALUES(858336533,3,'Floor','Right',3993301519651,18,1,9);
INSERT INTO planogram(tin_supermarket,number_corridor,height,side,ean,number_units,location_number,number_visible_fronts) VALUES(858336533,3,'Medium','Left',4421900858217,18,1,9);
INSERT INTO planogram(tin_supermarket,number_corridor,height,side,ean,number_units,location_number,number_visible_fronts) VALUES(858336533,3,'Upper','Right',4466304907161,24,1,12);
INSERT INTO planogram(tin_supermarket,number_corridor,height,side,ean,number_units,location_number,number_visible_fronts) VALUES(858336533,4,'Floor','Left',4472344340904,11,1,6);
INSERT INTO planogram(tin_supermarket,number_corridor,height,side,ean,number_units,location_number,number_visible_fronts) VALUES(858336533,4,'Medium','Right',4729336180748,17,1,9);
INSERT INTO planogram(tin_supermarket,number_corridor,height,side,ean,number_units,location_number,number_visible_fronts) VALUES(858336533,4,'Upper','Left',4750508730343,12,1,6);
INSERT INTO planogram(tin_supermarket,number_corridor,height,side,ean,number_units,location_number,number_visible_fronts) VALUES(858336533,4,'Floor','Right',4792518572144,18,1,9);
INSERT INTO planogram(tin_supermarket,number_corridor,height,side,ean,number_units,location_number,number_visible_fronts) VALUES(858336533,4,'Medium','Left',4926396298131,25,1,13);
INSERT INTO planogram(tin_supermarket,number_corridor,height,side,ean,number_units,location_number,number_visible_fronts) VALUES(858336533,4,'Upper','Right',5041572817363,14,1,7);
INSERT INTO planogram(tin_supermarket,number_corridor,height,side,ean,number_units,location_number,number_visible_fronts) VALUES(858336533,5,'Floor','Left',5163880310407,20,1,10);
INSERT INTO planogram(tin_supermarket,number_corridor,height,side,ean,number_units,location_number,number_visible_fronts) VALUES(858336533,5,'Medium','Right',5209541332186,24,1,12);
INSERT INTO planogram(tin_supermarket,number_corridor,height,side,ean,number_units,location_number,number_visible_fronts) VALUES(858336533,5,'Upper','Left',5649279270809,12,1,6);
INSERT INTO planogram(tin_supermarket,number_corridor,height,side,ean,number_units,location_number,number_visible_fronts) VALUES(858336533,5,'Floor','Right',5897709047971,21,1,11);
INSERT INTO planogram(tin_supermarket,number_corridor,height,side,ean,number_units,location_number,number_visible_fronts) VALUES(858336533,5,'Medium','Left',5979557546142,12,1,6);
INSERT INTO planogram(tin_supermarket,number_corridor,height,side,ean,number_units,location_number,number_visible_fronts) VALUES(858336533,5,'Upper','Right',6094715825110,16,1,8);
INSERT INTO planogram(tin_supermarket,number_corridor,height,side,ean,number_units,location_number,number_visible_fronts) VALUES(858336533,6,'Floor','Left',6290051946490,22,1,11);
INSERT INTO planogram(tin_supermarket,number_corridor,height,side,ean,number_units,location_number,number_visible_fronts) VALUES(858336533,6,'Medium','Right',6374953628189,10,1,5);
INSERT INTO planogram(tin_supermarket,number_corridor,height,side,ean,number_units,location_number,number_visible_fronts) VALUES(858336533,6,'Upper','Left',6599950190663,19,1,10);
INSERT INTO planogram(tin_supermarket,number_corridor,height,side,ean,number_units,location_number,number_visible_fronts) VALUES(858336533,6,'Floor','Right',6704634776080,18,1,9);
INSERT INTO planogram(tin_supermarket,number_corridor,height,side,ean,number_units,location_number,number_visible_fronts) VALUES(858336533,6,'Medium','Left',6766386179705,16,1,8);
INSERT INTO planogram(tin_supermarket,number_corridor,height,side,ean,number_units,location_number,number_visible_fronts) VALUES(858336533,6,'Upper','Right',6779330254997,16,1,8);
INSERT INTO planogram(tin_supermarket,number_corridor,height,side,ean,number_units,location_number,number_visible_fronts) VALUES(858336533,1,'Floor','Left',6871370466461,21,2,11);
INSERT INTO planogram(tin_supermarket,number_corridor,height,side,ean,number_units,location_number,number_visible_fronts) VALUES(858336533,1,'Medium','Right',2758806285794,11,2,6);
INSERT INTO planogram(tin_supermarket,number_corridor,height,side,ean,number_units,location_number,number_visible_fronts) VALUES(858336533,1,'Upper','Left',2614571882084,22,2,11);
INSERT INTO planogram(tin_supermarket,number_corridor,height,side,ean,number_units,location_number,number_visible_fronts) VALUES(858336533,1,'Floor','Right',2954027912075,24,2,12);
INSERT INTO planogram(tin_supermarket,number_corridor,height,side,ean,number_units,location_number,number_visible_fronts) VALUES(858336533,1,'Medium','Left',4749886260506,17,2,9);
INSERT INTO planogram(tin_supermarket,number_corridor,height,side,ean,number_units,location_number,number_visible_fronts) VALUES(858336533,1,'Upper','Right',5449806392844,10,2,5);
INSERT INTO planogram(tin_supermarket,number_corridor,height,side,ean,number_units,location_number,number_visible_fronts) VALUES(858336533,2,'Floor','Left',6560179708456,10,2,5);
INSERT INTO planogram(tin_supermarket,number_corridor,height,side,ean,number_units,location_number,number_visible_fronts) VALUES(858336533,2,'Medium','Right',1063571155746,22,2,11);
INSERT INTO planogram(tin_supermarket,number_corridor,height,side,ean,number_units,location_number,number_visible_fronts) VALUES(858336533,2,'Upper','Left',4102573176025,15,2,8);
INSERT INTO planogram(tin_supermarket,number_corridor,height,side,ean,number_units,location_number,number_visible_fronts) VALUES(858336533,2,'Floor','Right',5423524870098,20,2,10);
INSERT INTO planogram(tin_supermarket,number_corridor,height,side,ean,number_units,location_number,number_visible_fronts) VALUES(858336533,2,'Medium','Left',2657891059022,21,2,11);
INSERT INTO planogram(tin_supermarket,number_corridor,height,side,ean,number_units,location_number,number_visible_fronts) VALUES(858336533,2,'Upper','Right',1167917673881,13,2,7);
INSERT INTO planogram(tin_supermarket,number_corridor,height,side,ean,number_units,location_number,number_visible_fronts) VALUES(858336533,3,'Floor','Left',6787779552078,20,2,10);
INSERT INTO planogram(tin_supermarket,number_corridor,height,side,ean,number_units,location_number,number_visible_fronts) VALUES(858336533,3,'Medium','Right',6854995276230,24,2,12);
INSERT INTO planogram(tin_supermarket,number_corridor,height,side,ean,number_units,location_number,number_visible_fronts) VALUES(858336533,3,'Upper','Left',7086898336570,24,2,12);
INSERT INTO planogram(tin_supermarket,number_corridor,height,side,ean,number_units,location_number,number_visible_fronts) VALUES(858336533,3,'Floor','Right',7147512311196,23,2,12);
INSERT INTO planogram(tin_supermarket,number_corridor,height,side,ean,number_units,location_number,number_visible_fronts) VALUES(858336533,3,'Medium','Left',7466365698490,18,2,9);
INSERT INTO planogram(tin_supermarket,number_corridor,height,side,ean,number_units,location_number,number_visible_fronts) VALUES(858336533,3,'Upper','Right',7516439211956,23,2,12);
INSERT INTO planogram(tin_supermarket,number_corridor,height,side,ean,number_units,location_number,number_visible_fronts) VALUES(858336533,4,'Floor','Left',7590395737702,10,2,5);
INSERT INTO planogram(tin_supermarket,number_corridor,height,side,ean,number_units,location_number,number_visible_fronts) VALUES(858336533,4,'Medium','Right',7634683201651,24,2,12);
INSERT INTO planogram(tin_supermarket,number_corridor,height,side,ean,number_units,location_number,number_visible_fronts) VALUES(858336533,4,'Upper','Left',7968852118766,22,2,11);
INSERT INTO planogram(tin_supermarket,number_corridor,height,side,ean,number_units,location_number,number_visible_fronts) VALUES(858336533,4,'Floor','Right',8009109808842,18,2,9);
INSERT INTO planogram(tin_supermarket,number_corridor,height,side,ean,number_units,location_number,number_visible_fronts) VALUES(858336533,4,'Medium','Left',8028202977135,18,2,9);
INSERT INTO planogram(tin_supermarket,number_corridor,height,side,ean,number_units,location_number,number_visible_fronts) VALUES(858336533,4,'Upper','Right',8032029464261,10,2,5);
INSERT INTO planogram(tin_supermarket,number_corridor,height,side,ean,number_units,location_number,number_visible_fronts) VALUES(858336533,5,'Floor','Left',8304616409516,21,2,11);
INSERT INTO planogram(tin_supermarket,number_corridor,height,side,ean,number_units,location_number,number_visible_fronts) VALUES(858336533,5,'Medium','Right',8331820323633,10,2,5);
INSERT INTO planogram(tin_supermarket,number_corridor,height,side,ean,number_units,location_number,number_visible_fronts) VALUES(858336533,5,'Upper','Left',8332960719563,15,2,8);
INSERT INTO planogram(tin_supermarket,number_corridor,height,side,ean,number_units,location_number,number_visible_fronts) VALUES(858336533,5,'Floor','Right',8370506404675,18,2,9);
INSERT INTO planogram(tin_supermarket,number_corridor,height,side,ean,number_units,location_number,number_visible_fronts) VALUES(858336533,5,'Medium','Left',8665850791230,25,2,13);
INSERT INTO planogram(tin_supermarket,number_corridor,height,side,ean,number_units,location_number,number_visible_fronts) VALUES(858336533,5,'Upper','Right',9012395700662,16,2,8);
INSERT INTO planogram(tin_supermarket,number_corridor,height,side,ean,number_units,location_number,number_visible_fronts) VALUES(858336533,6,'Floor','Left',9076050574096,11,2,6);
INSERT INTO planogram(tin_supermarket,number_corridor,height,side,ean,number_units,location_number,number_visible_fronts) VALUES(858336533,6,'Medium','Right',9211043768432,21,2,11);
INSERT INTO planogram(tin_supermarket,number_corridor,height,side,ean,number_units,location_number,number_visible_fronts) VALUES(858336533,6,'Upper','Left',9245809626347,10,2,5);
INSERT INTO planogram(tin_supermarket,number_corridor,height,side,ean,number_units,location_number,number_visible_fronts) VALUES(858336533,6,'Floor','Right',9378608460294,14,2,7);
INSERT INTO planogram(tin_supermarket,number_corridor,height,side,ean,number_units,location_number,number_visible_fronts) VALUES(858336533,6,'Medium','Left',9540847188417,23,2,12);
INSERT INTO planogram(tin_supermarket,number_corridor,height,side,ean,number_units,location_number,number_visible_fronts) VALUES(858336533,6,'Upper','Right',9644668654897,18,2,9);
INSERT INTO planogram(tin_supermarket,number_corridor,height,side,ean,number_units,location_number,number_visible_fronts) VALUES(858336533,1,'Floor','Left',3154774644645,10,3,5);
INSERT INTO planogram(tin_supermarket,number_corridor,height,side,ean,number_units,location_number,number_visible_fronts) VALUES(858336533,1,'Medium','Right',3682940166210,24,3,12);
INSERT INTO planogram(tin_supermarket,number_corridor,height,side,ean,number_units,location_number,number_visible_fronts) VALUES(858336533,1,'Upper','Left',9962909186898,17,3,9);
INSERT INTO planogram(tin_supermarket,number_corridor,height,side,ean,number_units,location_number,number_visible_fronts) VALUES(858336533,1,'Floor','Right',1915335660664,18,3,9);
INSERT INTO planogram(tin_supermarket,number_corridor,height,side,ean,number_units,location_number,number_visible_fronts) VALUES(858336533,1,'Medium','Left',1732105133668,16,3,8);
INSERT INTO planogram(tin_supermarket,number_corridor,height,side,ean,number_units,location_number,number_visible_fronts) VALUES(858336533,1,'Upper','Right',1998805159679,22,3,11);
INSERT INTO planogram(tin_supermarket,number_corridor,height,side,ean,number_units,location_number,number_visible_fronts) VALUES(858336533,2,'Floor','Left',2801988318568,21,3,11);
INSERT INTO planogram(tin_supermarket,number_corridor,height,side,ean,number_units,location_number,number_visible_fronts) VALUES(858336533,2,'Medium','Right',3748951277680,17,3,9);
INSERT INTO planogram(tin_supermarket,number_corridor,height,side,ean,number_units,location_number,number_visible_fronts) VALUES(858336533,2,'Upper','Left',7170411688691,24,3,12);
INSERT INTO planogram(tin_supermarket,number_corridor,height,side,ean,number_units,location_number,number_visible_fronts) VALUES(858336533,2,'Floor','Right',9296251265169,20,3,10);
INSERT INTO planogram(tin_supermarket,number_corridor,height,side,ean,number_units,location_number,number_visible_fronts) VALUES(858336533,2,'Medium','Left',5351038958529,12,3,6);
INSERT INTO planogram(tin_supermarket,number_corridor,height,side,ean,number_units,location_number,number_visible_fronts) VALUES(858336533,2,'Upper','Right',8304871945419,10,3,5);
INSERT INTO planogram(tin_supermarket,number_corridor,height,side,ean,number_units,location_number,number_visible_fronts) VALUES(858336533,3,'Floor','Left',1029859355932,15,3,8);
INSERT INTO planogram(tin_supermarket,number_corridor,height,side,ean,number_units,location_number,number_visible_fronts) VALUES(858336533,3,'Medium','Right',1033812197987,22,3,11);
INSERT INTO planogram(tin_supermarket,number_corridor,height,side,ean,number_units,location_number,number_visible_fronts) VALUES(858336533,3,'Upper','Left',1200189215948,15,3,8);
INSERT INTO planogram(tin_supermarket,number_corridor,height,side,ean,number_units,location_number,number_visible_fronts) VALUES(858336533,3,'Floor','Right',1620278853404,13,3,7);
INSERT INTO planogram(tin_supermarket,number_corridor,height,side,ean,number_units,location_number,number_visible_fronts) VALUES(858336533,3,'Medium','Left',1710842410143,18,3,9);
INSERT INTO planogram(tin_supermarket,number_corridor,height,side,ean,number_units,location_number,number_visible_fronts) VALUES(858336533,3,'Upper','Right',1831402193991,18,3,9);
INSERT INTO planogram(tin_supermarket,number_corridor,height,side,ean,number_units,location_number,number_visible_fronts) VALUES(858336533,4,'Floor','Left',1897462287188,18,3,9);
INSERT INTO planogram(tin_supermarket,number_corridor,height,side,ean,number_units,location_number,number_visible_fronts) VALUES(858336533,4,'Medium','Right',1898436732927,10,3,5);
INSERT INTO planogram(tin_supermarket,number_corridor,height,side,ean,number_units,location_number,number_visible_fronts) VALUES(858336533,4,'Upper','Left',1993326789948,22,3,11);
INSERT INTO planogram(tin_supermarket,number_corridor,height,side,ean,number_units,location_number,number_visible_fronts) VALUES(858336533,4,'Floor','Right',2021169086338,23,3,12);
INSERT INTO planogram(tin_supermarket,number_corridor,height,side,ean,number_units,location_number,number_visible_fronts) VALUES(858336533,4,'Medium','Left',2171633528594,17,3,9);
INSERT INTO planogram(tin_supermarket,number_corridor,height,side,ean,number_units,location_number,number_visible_fronts) VALUES(858336533,4,'Upper','Right',2215267379502,16,3,8);
INSERT INTO planogram(tin_supermarket,number_corridor,height,side,ean,number_units,location_number,number_visible_fronts) VALUES(858336533,5,'Floor','Left',2326705819312,19,3,10);
INSERT INTO planogram(tin_supermarket,number_corridor,height,side,ean,number_units,location_number,number_visible_fronts) VALUES(858336533,5,'Medium','Right',2347308386663,25,3,13);
INSERT INTO planogram(tin_supermarket,number_corridor,height,side,ean,number_units,location_number,number_visible_fronts) VALUES(858336533,5,'Upper','Left',2598978124083,25,3,13);
INSERT INTO planogram(tin_supermarket,number_corridor,height,side,ean,number_units,location_number,number_visible_fronts) VALUES(858336533,5,'Floor','Right',2695399667872,16,3,8);
INSERT INTO planogram(tin_supermarket,number_corridor,height,side,ean,number_units,location_number,number_visible_fronts) VALUES(858336533,5,'Medium','Left',2775278875712,12,3,6);
INSERT INTO planogram(tin_supermarket,number_corridor,height,side,ean,number_units,location_number,number_visible_fronts) VALUES(858336533,5,'Upper','Right',2783906341922,20,3,10);
INSERT INTO planogram(tin_supermarket,number_corridor,height,side,ean,number_units,location_number,number_visible_fronts) VALUES(858336533,6,'Floor','Left',2861981972568,24,3,12);
INSERT INTO planogram(tin_supermarket,number_corridor,height,side,ean,number_units,location_number,number_visible_fronts) VALUES(858336533,6,'Medium','Right',2905304741768,10,3,5);
INSERT INTO planogram(tin_supermarket,number_corridor,height,side,ean,number_units,location_number,number_visible_fronts) VALUES(858336533,6,'Upper','Left',3204201800799,23,3,12);
INSERT INTO planogram(tin_supermarket,number_corridor,height,side,ean,number_units,location_number,number_visible_fronts) VALUES(858336533,6,'Floor','Right',3627582311797,19,3,10);
INSERT INTO planogram(tin_supermarket,number_corridor,height,side,ean,number_units,location_number,number_visible_fronts) VALUES(858336533,6,'Medium','Left',3766679083978,10,3,5);
INSERT INTO planogram(tin_supermarket,number_corridor,height,side,ean,number_units,location_number,number_visible_fronts) VALUES(858336533,6,'Upper','Right',3796333237114,10,3,5);


------------------------------------- Replenishments ------------------------------------------------------------------

INSERT INTO replenishment(instant,number_units,tin_supermarket,number_corridor,height,side,ean) VALUES('2017-12-10 11:19:00',2,222587995,1,'Floor','Left',8777969777596);
INSERT INTO replenishment(instant,number_units,tin_supermarket,number_corridor,height,side,ean) VALUES('2019-03-11 21:10:00',3,222587995,1,'Medium','Right',1438020781957);
INSERT INTO replenishment(instant,number_units,tin_supermarket,number_corridor,height,side,ean) VALUES('2017-12-21 10:00:00',4,222587995,1,'Upper','Left',2474243297039);
INSERT INTO replenishment(instant,number_units,tin_supermarket,number_corridor,height,side,ean) VALUES('2018-10-28 21:32:00',5,222587995,1,'Floor','Right',9017155999629);
INSERT INTO replenishment(instant,number_units,tin_supermarket,number_corridor,height,side,ean) VALUES('2017-04-20 17:26:00',6,222587995,2,'Floor','Left',4696807100638);
INSERT INTO replenishment(instant,number_units,tin_supermarket,number_corridor,height,side,ean) VALUES('2019-11-24 16:54:00',7,222587995,2,'Medium','Right',4086474893907);
INSERT INTO replenishment(instant,number_units,tin_supermarket,number_corridor,height,side,ean) VALUES('2019-10-13 22:36:00',8,222587995,2,'Upper','Left',4792518572144);
INSERT INTO replenishment(instant,number_units,tin_supermarket,number_corridor,height,side,ean) VALUES('2017-09-28 11:33:00',9,222587995,2,'Floor','Right',4077376845819);
INSERT INTO replenishment(instant,number_units,tin_supermarket,number_corridor,height,side,ean) VALUES('2019-06-05 10:50:00',2,222587995,3,'Floor','Left',1029859355932);
INSERT INTO replenishment(instant,number_units,tin_supermarket,number_corridor,height,side,ean) VALUES('2017-11-28 11:07:00',3,222587995,3,'Medium','Right',1033812197987);
INSERT INTO replenishment(instant,number_units,tin_supermarket,number_corridor,height,side,ean) VALUES('2017-09-25 22:06:00',2,439509559,3,'Upper','Right',6290051946490);
INSERT INTO replenishment(instant,number_units,tin_supermarket,number_corridor,height,side,ean) VALUES('2018-09-07 11:20:00',3,439509559,4,'Floor','Left',6374953628189);
INSERT INTO replenishment(instant,number_units,tin_supermarket,number_corridor,height,side,ean) VALUES('2018-10-03 19:06:00',4,439509559,4,'Medium','Right',6599950190663);
INSERT INTO replenishment(instant,number_units,tin_supermarket,number_corridor,height,side,ean) VALUES('2019-03-19 14:36:00',5,439509559,4,'Upper','Left',6704634776080);
INSERT INTO replenishment(instant,number_units,tin_supermarket,number_corridor,height,side,ean) VALUES('2017-06-30 15:05:00',6,439509559,4,'Floor','Right',6766386179705);
INSERT INTO replenishment(instant,number_units,tin_supermarket,number_corridor,height,side,ean) VALUES('2019-11-17 13:08:00',7,439509559,4,'Medium','Left',6779330254997);
INSERT INTO replenishment(instant,number_units,tin_supermarket,number_corridor,height,side,ean) VALUES('2018-09-22 22:05:00',8,439509559,4,'Upper','Right',6787779552078);
INSERT INTO replenishment(instant,number_units,tin_supermarket,number_corridor,height,side,ean) VALUES('2018-08-12 13:49:00',9,439509559,5,'Floor','Left',6854995276230);
INSERT INTO replenishment(instant,number_units,tin_supermarket,number_corridor,height,side,ean) VALUES('2019-04-12 23:27:00',2,439509559,3,'Floor','Left',7634683201651);
INSERT INTO replenishment(instant,number_units,tin_supermarket,number_corridor,height,side,ean) VALUES('2019-01-04 23:53:00',3,439509559,3,'Medium','Right',7968852118766);
INSERT INTO replenishment(instant,number_units,tin_supermarket,number_corridor,height,side,ean) VALUES('2018-10-02 21:23:00',2,584606763,3,'Medium','Right',1033812197987);
INSERT INTO replenishment(instant,number_units,tin_supermarket,number_corridor,height,side,ean) VALUES('2017-08-18 22:32:00',3,584606763,3,'Upper','Left',1200189215948);
INSERT INTO replenishment(instant,number_units,tin_supermarket,number_corridor,height,side,ean) VALUES('2018-08-09 13:34:00',4,584606763,3,'Floor','Right',1620278853404);
INSERT INTO replenishment(instant,number_units,tin_supermarket,number_corridor,height,side,ean) VALUES('2017-12-20 13:51:00',5,584606763,3,'Medium','Left',1710842410143);
INSERT INTO replenishment(instant,number_units,tin_supermarket,number_corridor,height,side,ean) VALUES('2017-12-28 21:30:00',6,584606763,3,'Upper','Right',1831402193991);
INSERT INTO replenishment(instant,number_units,tin_supermarket,number_corridor,height,side,ean) VALUES('2018-10-12 09:56:00',7,584606763,4,'Floor','Left',1897462287188);
INSERT INTO replenishment(instant,number_units,tin_supermarket,number_corridor,height,side,ean) VALUES('2019-09-28 08:30:00',8,584606763,4,'Medium','Right',1898436732927);
INSERT INTO replenishment(instant,number_units,tin_supermarket,number_corridor,height,side,ean) VALUES('2018-12-06 16:17:00',9,584606763,4,'Upper','Left',1993326789948);
INSERT INTO replenishment(instant,number_units,tin_supermarket,number_corridor,height,side,ean) VALUES('2019-02-14 22:26:00',2,584606763,4,'Floor','Right',2021169086338);
INSERT INTO replenishment(instant,number_units,tin_supermarket,number_corridor,height,side,ean) VALUES('2017-01-02 22:53:00',3,584606763,4,'Medium','Left',2171633528594);
INSERT INTO replenishment(instant,number_units,tin_supermarket,number_corridor,height,side,ean) VALUES('2017-07-02 10:32:00',2,699079553,1,'Floor','Right',3993301519651);
INSERT INTO replenishment(instant,number_units,tin_supermarket,number_corridor,height,side,ean) VALUES('2018-11-05 14:08:00',3,699079553,1,'Medium','Left',4421900858217);
INSERT INTO replenishment(instant,number_units,tin_supermarket,number_corridor,height,side,ean) VALUES('2019-06-09 23:59:00',4,699079553,1,'Upper','Right',4466304907161);
INSERT INTO replenishment(instant,number_units,tin_supermarket,number_corridor,height,side,ean) VALUES('2019-08-20 17:56:00',5,699079553,2,'Floor','Left',4472344340904);
INSERT INTO replenishment(instant,number_units,tin_supermarket,number_corridor,height,side,ean) VALUES('2018-04-02 10:19:00',6,699079553,2,'Medium','Right',4729336180748);
INSERT INTO replenishment(instant,number_units,tin_supermarket,number_corridor,height,side,ean) VALUES('2019-03-12 10:26:00',7,699079553,2,'Upper','Left',4750508730343);
INSERT INTO replenishment(instant,number_units,tin_supermarket,number_corridor,height,side,ean) VALUES('2018-08-14 10:15:00',8,699079553,2,'Floor','Right',4792518572144);
INSERT INTO replenishment(instant,number_units,tin_supermarket,number_corridor,height,side,ean) VALUES('2017-07-04 22:47:00',9,699079553,2,'Medium','Left',4926396298131);
INSERT INTO replenishment(instant,number_units,tin_supermarket,number_corridor,height,side,ean) VALUES('2017-02-03 09:40:00',2,858336533,3,'Medium','Right',3942519040027);
INSERT INTO replenishment(instant,number_units,tin_supermarket,number_corridor,height,side,ean) VALUES('2018-09-14 19:34:00',3,858336533,3,'Upper','Left',3975117404563);
INSERT INTO replenishment(instant,number_units,tin_supermarket,number_corridor,height,side,ean) VALUES('2019-02-23 21:05:00',4,858336533,3,'Floor','Right',3993301519651);
INSERT INTO replenishment(instant,number_units,tin_supermarket,number_corridor,height,side,ean) VALUES('2018-03-28 14:33:00',5,858336533,3,'Medium','Left',4421900858217);
INSERT INTO replenishment(instant,number_units,tin_supermarket,number_corridor,height,side,ean) VALUES('2017-09-20 13:53:00',6,858336533,3,'Upper','Right',4466304907161);
INSERT INTO replenishment(instant,number_units,tin_supermarket,number_corridor,height,side,ean) VALUES('2018-09-25 20:22:00',7,858336533,4,'Floor','Left',4472344340904);
INSERT INTO replenishment(instant,number_units,tin_supermarket,number_corridor,height,side,ean) VALUES('2019-05-25 08:30:00',8,858336533,4,'Medium','Right',4729336180748);
INSERT INTO replenishment(instant,number_units,tin_supermarket,number_corridor,height,side,ean) VALUES('2017-09-30 20:35:00',9,858336533,4,'Upper','Left',4750508730343);
INSERT INTO replenishment(instant,number_units,tin_supermarket,number_corridor,height,side,ean) VALUES('2017-12-22 08:26:27',12,222587995,4,'Upper','Left',1993326789948);
INSERT INTO replenishment(instant,number_units,tin_supermarket,number_corridor,height,side,ean) VALUES('2019-05-04 23:41:14',15,222587995,4,'Medium','Left',2171633528594);
INSERT INTO replenishment(instant,number_units,tin_supermarket,number_corridor,height,side,ean) VALUES('2018-05-06 10:30:37',11,222587995,6,'Medium','Right',2905304741768);
INSERT INTO replenishment(instant,number_units,tin_supermarket,number_corridor,height,side,ean) VALUES('2017-05-01 15:11:15',13,222587995,6,'Upper','Right',3796333237114);
INSERT INTO replenishment(instant,number_units,tin_supermarket,number_corridor,height,side,ean) VALUES('2018-06-01 19:46:57',20,222587995,5,'Upper','Left',5649279270809);
INSERT INTO replenishment(instant,number_units,tin_supermarket,number_corridor,height,side,ean) VALUES('2018-05-15 19:02:28',14,222587995,5,'Floor','Left',5163880310407);
INSERT INTO replenishment(instant,number_units,tin_supermarket,number_corridor,height,side,ean) VALUES('2019-10-04 20:20:08',22,222587995,5,'Upper','Right',9012395700662);
INSERT INTO replenishment(instant,number_units,tin_supermarket,number_corridor,height,side,ean) VALUES('2019-12-20 14:30:31',12,222587995,6,'Floor','Right',9378608460294);
INSERT INTO replenishment(instant,number_units,tin_supermarket,number_corridor,height,side,ean) VALUES('2019-01-08 19:23:29',7,222587995,3,'Upper','Left',1200189215948);
INSERT INTO replenishment(instant,number_units,tin_supermarket,number_corridor,height,side,ean) VALUES('2018-10-25 12:18:35',11,222587995,5,'Floor','Right',2695399667872);
INSERT INTO replenishment(instant,number_units,tin_supermarket,number_corridor,height,side,ean) VALUES('2018-12-29 09:55:43',14,222587995,4,'Upper','Left',4750508730343);
INSERT INTO replenishment(instant,number_units,tin_supermarket,number_corridor,height,side,ean) VALUES('2017-02-27 16:29:05',9,222587995,2,'Upper','Right',8304871945419);
INSERT INTO replenishment(instant,number_units,tin_supermarket,number_corridor,height,side,ean) VALUES('2017-08-20 23:00:32',11,439509559,1,'Medium','Left',4394464509965);
INSERT INTO replenishment(instant,number_units,tin_supermarket,number_corridor,height,side,ean) VALUES('2017-07-05 10:47:01',18,439509559,2,'Medium','Right',4086474893907);
INSERT INTO replenishment(instant,number_units,tin_supermarket,number_corridor,height,side,ean) VALUES('2021-05-11 10:42:54',17,439509559,3,'Floor','Left',7634683201651);
INSERT INTO replenishment(instant,number_units,tin_supermarket,number_corridor,height,side,ean) VALUES('2018-07-01 15:14:35',7,439509559,3,'Floor','Right',8028202977135);
INSERT INTO replenishment(instant,number_units,tin_supermarket,number_corridor,height,side,ean) VALUES('2019-06-24 21:16:47',11,439509559,3,'Upper','Right',8304616409516);
INSERT INTO replenishment(instant,number_units,tin_supermarket,number_corridor,height,side,ean) VALUES('2018-09-09 19:47:04',5,439509559,5,'Medium','Right',9245809626347);
INSERT INTO replenishment(instant,number_units,tin_supermarket,number_corridor,height,side,ean) VALUES('2020-03-15 21:05:42',12,439509559,5,'Medium','Left',9644668654897);
INSERT INTO replenishment(instant,number_units,tin_supermarket,number_corridor,height,side,ean) VALUES('2019-01-25 22:22:44',17,439509559,5,'Floor','Left',6854995276230);
INSERT INTO replenishment(instant,number_units,tin_supermarket,number_corridor,height,side,ean) VALUES('2020-02-15 10:19:24',20,584606763,3,'Upper','Left',1200189215948);
INSERT INTO replenishment(instant,number_units,tin_supermarket,number_corridor,height,side,ean) VALUES('2020-03-24 20:37:15',14,584606763,4,'Floor','Right',2021169086338);
INSERT INTO replenishment(instant,number_units,tin_supermarket,number_corridor,height,side,ean) VALUES('2018-02-02 18:11:14',15,584606763,4,'Medium','Left',2171633528594);
INSERT INTO replenishment(instant,number_units,tin_supermarket,number_corridor,height,side,ean) VALUES('2020-03-01 14:53:05',9,584606763,3,'Floor','Right',2695399667872);
INSERT INTO replenishment(instant,number_units,tin_supermarket,number_corridor,height,side,ean) VALUES('2020-04-01 17:59:28',17,584606763,4,'Upper','Left',4750508730343);
INSERT INTO replenishment(instant,number_units,tin_supermarket,number_corridor,height,side,ean) VALUES('2019-06-08 14:25:30',14,699079553,2,'Floor','Left',4472344340904);
INSERT INTO replenishment(instant,number_units,tin_supermarket,number_corridor,height,side,ean) VALUES('2017-08-05 17:06:42',13,699079553,3,'Floor','Left',5163880310407);
INSERT INTO replenishment(instant,number_units,tin_supermarket,number_corridor,height,side,ean) VALUES('2018-06-08 11:13:46',10,699079553,1,'Medium','Right',6374953628189);
INSERT INTO replenishment(instant,number_units,tin_supermarket,number_corridor,height,side,ean) VALUES('2018-09-30 16:32:54',5,699079553,3,'Medium','Left',2171633528594);
INSERT INTO replenishment(instant,number_units,tin_supermarket,number_corridor,height,side,ean) VALUES('2017-10-15 16:30:38',11,858336533,3,'Floor','Left',3831364723577);
INSERT INTO replenishment(instant,number_units,tin_supermarket,number_corridor,height,side,ean) VALUES('2018-12-13 14:15:46',19,858336533,5,'Floor','Right',5897709047971);
INSERT INTO replenishment(instant,number_units,tin_supermarket,number_corridor,height,side,ean) VALUES('2019-02-04 21:43:39',9,858336533,6,'Medium','Right',6374953628189);
INSERT INTO replenishment(instant,number_units,tin_supermarket,number_corridor,height,side,ean) VALUES('2019-07-20 22:20:01',22,858336533,1,'Floor','Right',2954027912075);
INSERT INTO replenishment(instant,number_units,tin_supermarket,number_corridor,height,side,ean) VALUES('2019-06-30 23:48:07',17,858336533,2,'Floor','Right',5423524870098);
INSERT INTO replenishment(instant,number_units,tin_supermarket,number_corridor,height,side,ean) VALUES('2020-03-11 10:09:01',23,858336533,3,'Medium','Right',6854995276230);


----------------------------------------------- Organized into --------------------------------------------------------------------------------

INSERT INTO organized_into(name, ean) VALUES('Fruta', 1029859355932);
INSERT INTO organized_into(name, ean) VALUES('Cereais', 1033812197987);
INSERT INTO organized_into(name, ean) VALUES('Carne de peru', 1063571155746);
INSERT INTO organized_into(name, ean) VALUES('Cerveja', 1167917673881);
INSERT INTO organized_into(name, ean) VALUES('Vegetais', 1200189215948);
INSERT INTO organized_into(name, ean) VALUES('Molusco congelado', 1438020781957);
INSERT INTO organized_into(name, ean) VALUES('Equipamentos', 1620278853404);
INSERT INTO organized_into(name, ean) VALUES('Vegetais enlatados', 1710842410143);
INSERT INTO organized_into(name, ean) VALUES('Carne de vaca', 1732105133668);
INSERT INTO organized_into(name, ean) VALUES('Frutos secos', 1831402193991);
INSERT INTO organized_into(name, ean) VALUES('Fruta', 1897462287188);
INSERT INTO organized_into(name, ean) VALUES('Salsichas', 1898436732927);
INSERT INTO organized_into(name, ean) VALUES('Panados', 1915335660664);
INSERT INTO organized_into(name, ean) VALUES('Vinho branco', 1993326789948);
INSERT INTO organized_into(name, ean) VALUES('Peixe fresco', 1998805159679);
INSERT INTO organized_into(name, ean) VALUES('Pantufas', 2021169086338);
INSERT INTO organized_into(name, ean) VALUES('Acessorios de arbitragem', 2171633528594);
INSERT INTO organized_into(name, ean) VALUES('Vinho tinto', 2215267379502);
INSERT INTO organized_into(name, ean) VALUES('Camisolas desportivas', 2326705819312);
INSERT INTO organized_into(name, ean) VALUES('Batatas fritas', 2347308386663);
INSERT INTO organized_into(name, ean) VALUES('Refeicoes congeladas', 2474243297039);
INSERT INTO organized_into(name, ean) VALUES('Roupa infantil', 2598978124083);
INSERT INTO organized_into(name, ean) VALUES('Peixe congelado', 2614571882084);
INSERT INTO organized_into(name, ean) VALUES('Cerveja', 2657891059022);
INSERT INTO organized_into(name, ean) VALUES('Vegetais', 2695399667872);
INSERT INTO organized_into(name, ean) VALUES('Marisco congelado', 2758806285794);
INSERT INTO organized_into(name, ean) VALUES('Bolacha', 2775278875712);
INSERT INTO organized_into(name, ean) VALUES('Fruta', 2783906341922);
INSERT INTO organized_into(name, ean) VALUES('Carne de vaca', 2801988318568);
INSERT INTO organized_into(name, ean) VALUES('Fruta', 2861981972568);
INSERT INTO organized_into(name, ean) VALUES('Pipocas', 2905304741768);
INSERT INTO organized_into(name, ean) VALUES('Pizza congelada', 2954027912075);
INSERT INTO organized_into(name, ean) VALUES('Refeicoes prontas congeladas', 3154774644645);
INSERT INTO organized_into(name, ean) VALUES('Cafe', 3204201800799);
INSERT INTO organized_into(name, ean) VALUES('Feijao enlatado', 3627582311797);
INSERT INTO organized_into(name, ean) VALUES('Refeicoes prontas congeladas', 3682940166210);
INSERT INTO organized_into(name, ean) VALUES('Carne de frango', 3748951277680);
INSERT INTO organized_into(name, ean) VALUES('Fruta', 3766679083978);
INSERT INTO organized_into(name, ean) VALUES('Fruta', 3796333237114);
INSERT INTO organized_into(name, ean) VALUES('Camisolas desportivas', 3831364723577);
INSERT INTO organized_into(name, ean) VALUES('Vegetais enlatados', 3942519040027);
INSERT INTO organized_into(name, ean) VALUES('Massa', 3975117404563);
INSERT INTO organized_into(name, ean) VALUES('Camisolas desportivas', 3993301519651);
INSERT INTO organized_into(name, ean) VALUES('Carne de frango', 4077376845819);
INSERT INTO organized_into(name, ean) VALUES('Refeicoes prontas congeladas', 4086474893907);
INSERT INTO organized_into(name, ean) VALUES('Carne de frango', 4102573176025);
INSERT INTO organized_into(name, ean) VALUES('Gelado', 4394464509965);
INSERT INTO organized_into(name, ean) VALUES('Arroz', 4421900858217);
INSERT INTO organized_into(name, ean) VALUES('Refeicoes prontas congeladas', 4455171629557);
INSERT INTO organized_into(name, ean) VALUES('Massa', 4466304907161);
INSERT INTO organized_into(name, ean) VALUES('Snacks', 4472344340904);
INSERT INTO organized_into(name, ean) VALUES('Gelado', 4696807100638);
INSERT INTO organized_into(name, ean) VALUES('Fruta', 4729336180748);
INSERT INTO organized_into(name, ean) VALUES('Pizza congelada', 4749886260506);
INSERT INTO organized_into(name, ean) VALUES('Vegetais', 4750508730343);
INSERT INTO organized_into(name, ean) VALUES('Carne de frango', 4792518572144);
INSERT INTO organized_into(name, ean) VALUES('Arroz', 4926396298131);
INSERT INTO organized_into(name, ean) VALUES('Bolacha', 5041572817363);
INSERT INTO organized_into(name, ean) VALUES('Vegetais', 5163880310407);
INSERT INTO organized_into(name, ean) VALUES('Vinho tinto', 5209541332186);
INSERT INTO organized_into(name, ean) VALUES('Refrigerante', 5351038958529);
INSERT INTO organized_into(name, ean) VALUES('Carne de vaca', 5423524870098);
INSERT INTO organized_into(name, ean) VALUES('Panados', 5449806392844);
INSERT INTO organized_into(name, ean) VALUES('Bolacha', 5649279270809);
INSERT INTO organized_into(name, ean) VALUES('Cereais', 5897709047971);
INSERT INTO organized_into(name, ean) VALUES('Feijao enlatado', 5979557546142);
INSERT INTO organized_into(name, ean) VALUES('Pijamas', 6094715825110);
INSERT INTO organized_into(name, ean) VALUES('Fruta', 6290051946490);
INSERT INTO organized_into(name, ean) VALUES('Vegetais', 6374953628189);
INSERT INTO organized_into(name, ean) VALUES('Vegetais congelados', 6560179708456);
INSERT INTO organized_into(name, ean) VALUES('Pipocas', 6599950190663);
INSERT INTO organized_into(name, ean) VALUES('Feijao enlatado', 6704634776080);
INSERT INTO organized_into(name, ean) VALUES('Chuteiras', 6766386179705);
INSERT INTO organized_into(name, ean) VALUES('Batatas fritas', 6779330254997);
INSERT INTO organized_into(name, ean) VALUES('Bolacha', 6787779552078);
INSERT INTO organized_into(name, ean) VALUES('Ervas aromaticas', 6843631784295);
INSERT INTO organized_into(name, ean) VALUES('Vegetais', 6854995276230);
INSERT INTO organized_into(name, ean) VALUES('Peixe congelado', 6871370466461);
INSERT INTO organized_into(name, ean) VALUES('Frutos secos', 7086898336570);
INSERT INTO organized_into(name, ean) VALUES('Fruta', 7147512311196);
INSERT INTO organized_into(name, ean) VALUES('Carne de frango', 7170411688691);
INSERT INTO organized_into(name, ean) VALUES('Chocolate', 7466365698490);
INSERT INTO organized_into(name, ean) VALUES('Cerveja', 7516439211956);
INSERT INTO organized_into(name, ean) VALUES('Bolacha', 7590395737702);
INSERT INTO organized_into(name, ean) VALUES('Camisolas desportivas', 7634683201651);
INSERT INTO organized_into(name, ean) VALUES('Vinho tinto', 7968852118766);
INSERT INTO organized_into(name, ean) VALUES('Peixe enlatado', 8009109808842);
INSERT INTO organized_into(name, ean) VALUES('Frutos secos', 8028202977135);
INSERT INTO organized_into(name, ean) VALUES('Agua', 8032029464261);
INSERT INTO organized_into(name, ean) VALUES('Fruta', 8304616409516);
INSERT INTO organized_into(name, ean) VALUES('Refrigerante', 8304871945419);
INSERT INTO organized_into(name, ean) VALUES('Batatas fritas', 8331820323633);
INSERT INTO organized_into(name, ean) VALUES('Frutos secos', 8332960719563);
INSERT INTO organized_into(name, ean) VALUES('Fruta', 8370506404675);
INSERT INTO organized_into(name, ean) VALUES('Vegetais', 8665850791230);
INSERT INTO organized_into(name, ean) VALUES('Vegetais', 9012395700662);
INSERT INTO organized_into(name, ean) VALUES('Refeicoes prontas congeladas', 9017155999629);
INSERT INTO organized_into(name, ean) VALUES('Vegetais enlatados', 9076050574096);
INSERT INTO organized_into(name, ean) VALUES('Vinho tinto', 9211043768432);
INSERT INTO organized_into(name, ean) VALUES('Roupoes', 9245809626347);
INSERT INTO organized_into(name, ean) VALUES('Carne de borrego', 9296251265169);
INSERT INTO organized_into(name, ean) VALUES('Vinho tinto', 9378608460294);
INSERT INTO organized_into(name, ean) VALUES('Bolacha', 9540847188417);
INSERT INTO organized_into(name, ean) VALUES('Peixe enlatado', 9644668654897);
INSERT INTO organized_into(name, ean) VALUES('Panados', 9962909186898);
INSERT INTO organized_into(name, ean) VALUES('Peixe fresco', 2235599916326);
INSERT INTO organized_into(name, ean) VALUES('Bolacha', 9794547371266);
INSERT INTO organized_into(name, ean) VALUES('Marisco congelado', 8777969777596);
INSERT INTO organized_into(name, ean) VALUES ('Mercearia', 1975104584130);
INSERT INTO organized_into(name, ean) VALUES ('Roupa', 8417200675086);
INSERT INTO organized_into(name, ean) VALUES ('Refeicoes congeladas', 8493044518258);
INSERT INTO organized_into(name, ean) VALUES ('Bolacha', 8032391464342);